# Blender 4.0.2
# www.blender.org
mtllib MNPlate_Model.mtl
o remesh
v -4.001997 0.044713 0.324190
v -3.803331 -0.041962 0.319961
v -4.011093 -0.004491 0.318457
v -4.019646 -0.048611 0.310481
v -3.943752 -0.048317 0.315635
v -3.800520 3.823508 -0.580850
v -3.982151 3.701395 -0.591603
v -3.917084 3.838803 -0.587319
v -3.961360 3.839477 -0.589329
v -3.961556 3.825706 -0.584974
v -3.829914 -0.123480 0.214082
v -3.970566 -0.041531 0.216633
v -3.933407 -0.119682 0.202032
v -3.964635 -0.115104 0.201421
v -3.966434 -0.091693 0.205249
v -3.960270 3.685044 -0.603729
v -3.816735 3.743972 -0.612585
v -3.960580 3.725264 -0.611234
v -3.960893 3.744633 -0.614307
v -3.929783 3.744823 -0.614796
v 4.103890 -0.046748 0.599639
v 4.200112 -0.040272 0.607671
v 4.108396 3.880873 -0.205048
v 4.301697 3.908627 -0.182332
v 4.208990 0.032183 0.584660
v 4.096336 -0.051582 0.547448
v 4.274404 -0.063131 0.569051
v 4.277670 -0.115442 0.583824
v 4.174680 -0.111448 0.573171
v 4.132740 3.808364 -0.254530
v 4.199431 3.775096 -0.243375
v 4.174885 3.840665 -0.259225
v 4.205953 3.829434 -0.256929
v 4.213898 3.805169 -0.253686
v -4.040619 -0.314929 0.136561
v -3.881537 -0.337980 0.144223
v -3.856370 -0.128734 0.295775
v -3.988193 -0.149285 0.220216
v -4.173897 -0.261917 0.172369
v -4.101066 -0.135603 0.219317
v -4.250872 -0.205165 0.193724
v -4.219723 -0.072913 0.283964
v -4.287120 -0.099678 0.166077
v -4.240243 -0.031722 0.283417
v -3.971364 3.894274 -0.594959
v -3.822986 3.913806 -0.601956
v -3.867942 4.036113 -0.669361
v -4.036594 4.019849 -0.683766
v -4.075793 3.881797 -0.605625
v -4.178246 3.955003 -0.662314
v -4.111829 3.850951 -0.588466
v -4.268217 3.858864 -0.623822
v -4.128222 3.759423 -0.582419
v -4.305391 3.778618 -0.624143
v 4.238077 -0.144463 0.629739
v 4.107721 -0.160017 0.625550
v 4.181427 -0.349651 0.532778
v 4.317502 -0.339339 0.532207
v 4.355546 -0.119931 0.632502
v 4.440099 -0.237365 0.595503
v 4.397033 -0.050620 0.634038
v 4.542914 -0.137857 0.602751
v 4.434763 0.025547 0.620856
v 4.589161 -0.048187 0.562843
v 4.331305 4.072235 -0.282185
v 4.166239 4.084673 -0.287891
v 4.144637 4.021142 -0.241430
v 4.302008 4.011919 -0.228626
v 4.391928 3.963559 -0.224173
v 4.575562 3.941153 -0.264794
v 4.448630 3.918197 -0.215234
v 4.612871 3.846721 -0.246683
v 4.435236 3.820083 -0.184945
v -1.844737 3.931295 -0.557555
v -1.846553 4.047626 -0.619731
v -1.844390 3.835847 -0.528305
v -1.846622 3.758209 -0.563115
v -3.116420 3.913501 -0.580143
v -3.120032 4.048094 -0.656481
v -3.115313 3.828897 -0.562254
v -3.120387 3.749296 -0.593122
v 0.214460 3.942160 -0.503650
v 0.210251 4.049054 -0.561856
v 0.217496 3.855232 -0.483799
v 0.210878 3.773816 -0.496704
v -1.854566 -0.318114 0.341045
v -1.837037 -0.139881 0.449939
v -1.850497 -0.136403 0.374183
v -1.836711 -0.023066 0.413206
v 0.202232 -0.321504 0.395325
v 0.205580 -0.047942 0.348529
v 0.206989 -0.163165 0.468414
v 0.213508 -0.058154 0.413337
v -3.119325 -0.135963 0.356239
v -3.111572 -0.010852 0.357064
v -3.132214 -0.331799 0.198333
v -3.114600 -0.084291 0.300515
v -3.856465 -0.236013 0.256240
v -4.001199 -0.198549 0.197095
v -4.188382 -0.209584 0.229111
v -4.319366 -0.116382 0.247477
v -4.341025 -0.091059 0.228380
v -3.845741 3.978220 -0.629191
v -4.005625 3.936855 -0.611014
v -4.180452 3.928198 -0.631275
v -4.217628 3.874791 -0.606922
v -4.225787 3.786164 -0.595436
v 4.123960 -0.243647 0.626350
v 4.282199 -0.244652 0.612531
v 4.445368 -0.190253 0.609655
v 4.526105 -0.059591 0.613198
v 4.562547 0.034840 0.610579
v 4.163774 4.056060 -0.260758
v 4.330976 4.040831 -0.242263
v 4.445898 4.003454 -0.249768
v 4.516672 3.940263 -0.239671
v 4.538294 3.848303 -0.216127
v -1.845165 3.999283 -0.583431
v -3.117293 3.977408 -0.609571
v 0.212599 3.996856 -0.534699
v -1.849877 -0.211694 0.452918
v 0.205890 -0.234834 0.465921
v -3.125293 -0.220450 0.320640
v -4.019093 -0.251357 0.203832
v -4.186276 -0.228351 0.219658
v -4.287023 -0.160360 0.217704
v -4.334445 -0.100870 0.219200
v -3.858039 4.013124 -0.653314
v 4.152248 -0.308371 0.577155
v 4.338169 4.069028 -0.264308
v 4.480447 4.022709 -0.271600
v 4.573945 3.944799 -0.262301
v 4.613620 3.858809 -0.243246
v -3.865258 -0.269597 0.228610
v -4.025899 3.986253 -0.654216
v -4.179568 3.944605 -0.650119
v -4.247994 3.865816 -0.617293
v -4.273170 3.783873 -0.612937
v 4.311645 -0.302243 0.573450
v 4.447074 -0.215043 0.601517
v 4.543171 -0.097530 0.606952
v 4.592867 0.010041 0.581249
v 4.171406 4.083172 -0.282758
v -1.845822 4.028833 -0.605238
v -3.118683 4.018465 -0.637138
v 0.210674 4.028954 -0.551470
v -1.850869 -0.251320 0.425953
v 0.203869 -0.286931 0.442648
v -3.126662 -0.266980 0.288047
v -4.173916 1.857406 -0.122411
v -4.321052 1.849913 -0.169331
v -3.981856 1.855590 -0.120672
v -3.959905 1.843163 -0.216077
v -4.274920 1.851484 -0.152604
v -4.296181 1.850381 -0.161924
v 4.471791 1.920839 0.176245
v 4.629161 1.911988 0.105216
v 4.231471 1.909142 0.093596
v 4.555806 1.921227 0.174061
v 4.615952 1.915680 0.132749
v 4.494313 2.861419 -0.028388
v 4.220000 2.851531 -0.091975
v 4.579268 2.861079 -0.035895
v 4.642581 2.856458 -0.069264
v 4.635366 0.972741 0.356340
v 4.222500 0.963168 0.325456
v 4.617572 0.989551 0.408623
v 4.634016 0.979982 0.381694
v 4.505156 0.990064 0.404765
v -4.104041 2.789897 -0.333058
v -3.982868 2.786469 -0.345550
v -4.343181 2.778054 -0.413898
v -3.959652 2.777877 -0.424018
v -4.274659 2.780859 -0.381269
v -4.294693 2.780990 -0.386554
v -4.360921 0.884799 0.024442
v -3.968259 0.884386 0.032118
v -4.293370 0.899028 0.071425
v -4.316359 0.896393 0.065562
v -4.181071 0.908449 0.109008
v -3.968255 0.911421 0.124052
v 0.209800 2.815076 -0.258488
v -1.847495 2.795268 -0.344174
v -3.124543 2.795753 -0.342412
v 0.207352 1.877707 -0.058955
v -1.849184 1.865002 -0.111572
v -3.124130 1.854647 -0.158239
v 0.206585 0.928097 0.155755
v -1.860213 0.907632 0.149978
v -3.125815 0.923834 0.125659
v 0.210971 0.941094 0.211717
v -1.846423 0.937865 0.198502
v -3.114034 0.932655 0.169854
v -3.118257 1.864310 -0.090116
v -1.846214 1.869380 -0.075689
v 0.209303 1.880442 -0.032074
v 0.211055 2.816112 -0.240425
v -1.846422 2.798105 -0.316122
v -3.119370 2.795960 -0.317277
v 4.110037 0.047635 0.590179
v 4.204141 0.006240 0.602587
v 4.132801 3.781501 -0.211947
v 4.305845 3.881927 -0.179675
v -3.947205 -0.028778 0.319389
v -3.812234 0.060645 0.318791
v -1.844512 3.766245 -0.539518
v 0.213102 3.779786 -0.496798
v -3.827051 3.739576 -0.589472
v -3.117070 3.758420 -0.567215
v 4.143286 0.973195 0.356422
v 4.144001 1.916809 0.141956
v 4.153701 2.858366 -0.043966
v -1.848256 0.020541 0.403404
v -3.116216 0.065249 0.365769
v 0.205361 0.063448 0.388444
v -3.917162 3.825819 -0.583181
v -3.120471 3.698221 -0.586149
v -1.846802 3.705319 -0.552928
v 0.210484 3.718765 -0.499811
v -3.867674 0.888784 0.039744
v -3.851059 1.844757 -0.202293
v -3.851939 2.780768 -0.407780
v -3.857832 3.695509 -0.604242
v 0.203791 0.002159 0.387235
v -1.851730 -0.013984 0.347599
v -3.827840 -0.036656 0.232190
v -3.101147 -0.004810 0.310483
v 4.140528 3.767714 -0.248570
v 4.108195 0.017762 0.535674
v 4.121900 0.959240 0.293174
v 4.147054 1.909262 0.087815
v 4.168755 2.851451 -0.094454
v -3.924374 -0.095174 0.209362
v 4.174608 -0.062398 0.562195
v -3.336576 -0.137079 0.317370
v -3.331334 3.913525 -0.588361
v -3.336466 4.045199 -0.656205
v -3.326481 -0.016476 0.325621
v -3.329051 3.829013 -0.567767
v -3.337325 3.746128 -0.602205
v -3.348817 -0.341688 0.164529
v -3.338408 -0.096909 0.242524
v -3.340381 -0.224837 0.272725
v -3.332436 3.977765 -0.615263
v -3.334692 4.016756 -0.639446
v -3.342036 -0.270257 0.247872
v -3.333178 3.752734 -0.566258
v -3.336426 3.697690 -0.591949
v -3.333916 -0.017194 0.268501
v 3.172301 -0.325050 0.552928
v 3.155779 -0.028195 0.537463
v 3.153579 3.985683 -0.329372
v 3.164587 4.075771 -0.390237
v 3.150102 3.867966 -0.298086
v 3.169317 3.797569 -0.358217
v 3.130785 -0.164007 0.627849
v 3.136818 -0.058726 0.598669
v 3.158410 4.069775 -0.361722
v 3.145533 -0.218903 0.623643
v 3.160737 -0.281864 0.584171
v 3.162133 4.074596 -0.379502
v 3.163650 2.841957 -0.138080
v 3.168383 0.954639 0.265679
v 3.169068 1.907026 0.041744
v 3.153869 3.790410 -0.307194
v 3.162895 0.964908 0.295696
v 3.157064 2.847228 -0.101795
v 3.140126 0.020675 0.589223
v 3.171207 3.744667 -0.348647
v 3.156094 0.006673 0.528588
v 3.174943 1.894159 0.035659
v -2.464019 3.924185 -0.564885
v -2.466805 4.052048 -0.632937
v -2.463058 3.832667 -0.543707
v -2.466574 3.752567 -0.584255
v -2.476316 -0.306117 0.329986
v -2.468839 -0.050572 0.391239
v -2.464368 -0.122730 0.452019
v -2.449934 -0.049553 0.448536
v -2.471233 -0.195611 0.445821
v -2.464652 3.988938 -0.596099
v -2.465775 4.025532 -0.617728
v -2.475314 -0.236389 0.396563
v -2.467982 2.790129 -0.366954
v -2.469867 1.861360 -0.128179
v -2.468636 0.918499 0.125760
v -2.464134 0.937472 0.193937
v -2.467114 1.868206 -0.078371
v -2.466197 2.797265 -0.319329
v -2.464763 3.763333 -0.561852
v -2.465011 3.689526 -0.563920
v -2.456925 0.003901 0.397371
v -1.008894 3.941634 -0.536080
v -1.010755 4.048608 -0.593115
v -1.009714 3.842368 -0.517170
v -1.010910 3.764848 -0.536581
v -1.016966 -0.163753 0.430678
v -1.011906 -0.038121 0.379483
v -1.018330 -0.320412 0.348764
v -1.016376 -0.062644 0.316984
v -1.014761 -0.226821 0.433249
v -1.009399 4.005409 -0.565489
v -1.010027 4.033076 -0.582214
v -1.016080 -0.275413 0.417488
v -1.012771 0.936168 0.185821
v -1.011671 1.877865 -0.044495
v -1.010397 2.806876 -0.282126
v -1.007781 3.767942 -0.520144
v -1.009721 0.062807 0.367654
v -1.011145 3.709098 -0.539304
v -1.015771 -0.011857 0.309537
v -3.632821 -0.127335 0.303179
v -3.625457 3.913871 -0.594669
v -3.630970 4.039319 -0.664318
v -3.627219 -0.038020 0.315037
v -3.623777 3.824053 -0.576035
v -3.631251 3.745275 -0.608276
v -3.636332 -0.229576 0.271798
v -3.637670 -0.268012 0.247959
v -3.620559 1.856923 -0.117166
v -3.623941 0.066268 0.327821
v -3.635505 0.900355 0.072944
v -3.635015 2.786081 -0.386573
v -3.631507 3.696510 -0.598413
v -3.645936 -0.338243 0.167170
v -3.633514 -0.106729 0.239686
v -3.626923 3.978664 -0.622160
v -3.629352 4.014662 -0.647322
v -3.649284 1.853023 -0.163346
v -3.624874 0.924834 0.150531
v -3.628447 2.789593 -0.350708
v -3.627395 3.742175 -0.581866
v -3.622143 -0.022818 0.266046
v 3.684421 -0.348710 0.527112
v 3.657229 -0.026974 0.524770
v 3.660172 4.093271 -0.321460
v 3.664274 4.087204 -0.334391
v 3.655846 3.786037 -0.254308
v 3.648714 0.973879 0.359082
v 3.661270 2.854314 -0.062123
v 3.657921 0.010860 0.515547
v 3.651961 4.000694 -0.289625
v 3.667045 4.082192 -0.342352
v 3.645485 3.870424 -0.250977
v 3.671112 3.810714 -0.306683
v 3.635127 -0.165321 0.603870
v 3.632695 -0.040532 0.588015
v 3.644997 -0.234723 0.622577
v 3.666760 -0.303102 0.565495
v 3.666860 1.910680 0.095084
v 3.635756 0.042321 0.574893
v 3.676707 3.757618 -0.284177
v -4.350154 0.406061 0.100032
v 4.643391 0.476856 0.477732
v -3.982441 0.408790 0.149062
v 4.215764 0.481862 0.452726
v -4.358615 0.441373 0.178595
v 4.620594 0.511961 0.532649
v 4.637806 0.490620 0.499598
v -4.349391 0.425439 0.132056
v 4.482049 0.515148 0.527424
v -4.245379 0.455117 0.210597
v -3.999247 0.464609 0.236678
v 4.133635 0.506926 0.488795
v -1.849742 0.485396 0.310452
v -3.116832 0.489771 0.309287
v 0.199873 0.489148 0.298521
v 0.205697 0.442249 0.256670
v -1.864226 0.450429 0.230107
v -3.850513 0.417472 0.178045
v -3.108906 0.441440 0.218569
v 4.117145 0.475172 0.438922
v 3.158091 0.484042 0.442300
v 3.137409 0.504680 0.445623
v -2.463614 0.444900 0.266668
v -2.460439 0.486357 0.321697
v -1.006531 0.474482 0.287586
v -3.623193 0.481981 0.284371
v -3.619270 0.429538 0.199512
v 3.642550 0.505232 0.462232
v -4.121553 3.277281 -0.454416
v 4.463768 3.351718 -0.103230
v -3.970841 3.287110 -0.461587
v 4.629527 3.334674 -0.143832
v 4.223537 3.328421 -0.175417
v 4.578848 3.342926 -0.120279
v -4.319949 3.264847 -0.510364
v -3.960203 3.257008 -0.522036
v -4.244763 3.270779 -0.493680
v -4.280366 3.270185 -0.497577
v 0.209806 3.278138 -0.400105
v -1.848007 3.269324 -0.459122
v -3.118837 3.276608 -0.478490
v 0.213322 3.290446 -0.361669
v -1.842678 3.280618 -0.425414
v -3.117223 3.281809 -0.438137
v 4.150969 3.343820 -0.138641
v -3.854835 3.261106 -0.512611
v 4.158979 3.322915 -0.193612
v 3.178048 3.305506 -0.265462
v 3.154705 3.325823 -0.205309
v -2.464871 3.277831 -0.456344
v -2.467361 3.266525 -0.473165
v -1.009923 3.287608 -0.384433
v -3.627192 3.274601 -0.471648
v -3.632697 3.262578 -0.503808
v 3.658600 3.334933 -0.159809
v -4.328259 2.315576 -0.286390
v -3.959934 2.309139 -0.321843
v -4.274045 2.317163 -0.269043
v -4.294383 2.315814 -0.277904
v 4.631746 2.380622 0.000570
v 4.226419 2.378796 -0.005058
v 4.567339 2.391523 0.063247
v 4.629404 2.385547 0.028165
v 4.479411 2.393613 0.069331
v -4.137171 2.326604 -0.220000
v -3.985235 2.319464 -0.233870
v 0.208851 2.341736 -0.175736
v -1.848307 2.327797 -0.236153
v -3.123749 2.319909 -0.271896
v -3.118589 2.329554 -0.207717
v -1.846382 2.333887 -0.198453
v 0.214179 2.345585 -0.145180
v 4.150761 2.384564 0.033733
v -3.852034 2.312626 -0.302888
v 4.156335 2.376565 -0.023745
v 3.171611 2.365867 -0.075036
v 3.163447 2.374096 -0.020315
v -2.464844 2.330648 -0.194164
v -2.465022 2.320193 -0.243558
v -1.010277 2.343017 -0.158917
v -3.624226 2.321373 -0.251931
v -3.643926 2.319497 -0.264426
v 3.665756 2.378241 -0.014317
v -4.170859 1.383063 -0.013452
v -3.973825 1.384085 -0.001815
v 4.490483 1.454336 0.288681
v 4.634405 1.443482 0.232726
v 4.220978 1.436940 0.200261
v 4.578702 1.456422 0.294681
v 4.628698 1.448349 0.257200
v -4.347767 1.369805 -0.075572
v -3.963534 1.363555 -0.104680
v -4.280376 1.377855 -0.038220
v -4.301647 1.376208 -0.046700
v 0.205834 1.403427 0.050293
v -1.848488 1.395681 0.016714
v -3.123903 1.386556 -0.028095
v 0.209905 1.412038 0.088856
v -1.846569 1.415100 0.052586
v -3.117164 1.400129 0.033083
v 4.148365 1.446130 0.246299
v -3.858780 1.367022 -0.092251
v 4.141217 1.434638 0.197494
v 3.174399 1.423181 0.153210
v 3.163393 1.421324 0.158026
v -2.465757 1.407560 0.059101
v -2.470221 1.395554 0.007402
v -1.011101 1.408739 0.070658
v -3.628958 1.396925 0.034628
v -3.644665 1.377217 -0.057617
v 3.659956 1.436444 0.204401
v 1.416742 3.955278 -0.473425
v 1.419464 4.032340 -0.526384
v 1.414366 3.862483 -0.460182
v 1.418475 3.784599 -0.474113
v 1.404370 -0.168814 0.511000
v 1.410201 -0.038139 0.471272
v 1.409151 -0.229464 0.514919
v 1.411426 -0.281115 0.479191
v 1.414082 1.890383 0.013403
v 1.409824 0.049584 0.441980
v 1.418237 3.720793 -0.485215
v 1.412747 -0.323493 0.454753
v 1.412903 -0.034719 0.411852
v 1.418309 3.997676 -0.499188
v 1.418997 4.019461 -0.516281
v 1.415738 3.792203 -0.467245
v 1.410372 0.949816 0.256304
v 1.414917 2.823878 -0.201821
v 1.412728 0.004074 0.399201
v 1.397524 0.471284 0.343243
v 1.447885 3.292303 -0.347249
v 1.418793 2.352686 -0.123048
v 1.414782 1.416179 0.108932
v 2.301175 -0.312220 0.515863
v 2.294770 -0.031557 0.492007
v 2.299821 4.031188 -0.432432
v 2.301338 4.048449 -0.445409
v 2.300654 3.797185 -0.400353
v 2.286884 0.956874 0.306794
v 2.295168 2.832165 -0.189487
v 2.294460 0.004411 0.484314
v 2.307150 1.881391 -0.044302
v 2.297277 3.977024 -0.393794
v 2.302259 4.058251 -0.452771
v 2.294471 3.869121 -0.385605
v 2.303061 3.784875 -0.439910
v 2.293211 -0.150008 0.588889
v 2.284766 -0.064023 0.556416
v 2.286591 -0.217049 0.589798
v 2.294320 -0.273027 0.549430
v 2.300591 2.827468 -0.225492
v 2.296844 0.947255 0.212327
v 2.291620 1.900152 0.010954
v 2.286465 0.017098 0.530970
v 2.304064 3.730239 -0.444952
v 2.286490 0.493100 0.423699
v 2.294875 0.460153 0.354577
v 2.299463 3.301325 -0.312901
v 2.302928 3.289327 -0.350876
v 2.277786 2.360446 -0.089156
v 2.301548 2.353631 -0.147143
v 2.287838 1.414540 0.126565
v 2.301374 1.410846 0.073535
v -2.790106 3.919588 -0.571901
v -2.794089 4.051880 -0.644347
v -2.788886 3.829662 -0.553111
v -2.793547 3.751506 -0.586471
v -2.795511 -0.122194 0.437605
v -2.788864 -0.006112 0.431700
v -2.798182 -0.200189 0.431816
v -2.799066 -0.246105 0.401764
v -2.790340 1.864871 -0.092155
v -2.788936 0.050452 0.424395
v -2.793772 3.700586 -0.576386
v -2.805731 -0.327976 0.290794
v -2.800009 -0.068159 0.341013
v -2.790927 3.982400 -0.603864
v -2.792610 4.022300 -0.627256
v -2.791109 0.947352 0.212693
v -2.792614 2.795699 -0.327530
v -2.790334 3.763688 -0.563949
v -2.797827 -0.005974 0.358043
v -2.791235 0.489675 0.308158
v -2.791897 3.277704 -0.450066
v -2.794398 3.265420 -0.481646
v -2.793702 2.330996 -0.207249
v -2.791365 1.406373 0.041659
v -4.339641 0.152847 0.148412
v 4.642543 0.213997 0.538481
v -3.985425 0.190533 0.187575
v 4.214305 0.253637 0.508185
v -4.363317 0.178671 0.234884
v 4.614573 0.273812 0.582871
v 4.640015 0.251511 0.552758
v -4.349763 0.165225 0.185829
v 4.121612 0.274658 0.543568
v -1.846495 0.277300 0.386019
v -3.118284 0.277807 0.354272
v 0.208841 0.259109 0.334723
v 0.204449 0.224414 0.335805
v -1.850910 0.212576 0.288639
v -3.837493 0.193389 0.199908
v -3.094932 0.217838 0.291059
v 4.475534 0.268751 0.582629
v -4.233654 0.203943 0.184870
v -4.000764 0.256437 0.283327
v 4.112063 0.246209 0.479080
v 3.156775 0.275734 0.441715
v 3.141311 0.282083 0.516678
v -2.443204 0.279860 0.356506
v -1.012145 0.269127 0.339607
v -3.625411 0.275792 0.334713
v -3.605071 0.202211 0.230389
v 3.639169 0.274282 0.519751
v 1.395750 0.267639 0.404697
v 2.293685 0.266025 0.442296
v 2.284754 0.281220 0.492981
v -2.790656 0.225080 0.321933
v -2.788705 0.285498 0.389199
v -1.851320 0.091492 0.321282
v -2.450420 0.261068 0.393642
v -2.559825 0.154847 0.419778
v -2.452610 0.045123 0.427806
v -2.343400 0.151361 0.407673
v -2.504951 0.247778 0.396214
v -2.396172 0.245572 0.394473
v -2.545761 0.100085 0.426074
v -2.545154 0.208926 0.408138
v -2.398676 0.058414 0.421921
v -2.506472 0.060020 0.429348
v -2.357244 0.205207 0.397940
v -2.358370 0.097651 0.416133
v -2.793334 0.108617 0.350878
v -2.348270 0.139034 0.383293
v -2.459960 0.038190 0.398586
v -2.557125 0.145394 0.389226
v -2.446054 0.246853 0.370184
v -2.365905 0.087194 0.389285
v -2.358715 0.191546 0.375366
v -2.510998 0.053392 0.399460
v -2.406813 0.050268 0.394706
v -2.539716 0.197676 0.380454
v -2.546645 0.092509 0.395606
v -2.394364 0.231094 0.371588
v -2.498974 0.234818 0.371478
v -2.790865 3.598668 -0.525279
v -1.843891 3.601713 -0.500859
v -1.847110 3.594108 -0.525759
v -2.546599 3.575543 -0.524001
v -2.451793 3.481447 -0.501728
v -2.355128 3.574467 -0.520204
v -2.449933 3.668564 -0.542477
v -2.534237 3.528692 -0.513559
v -2.533308 3.622250 -0.533934
v -2.403800 3.493712 -0.503508
v -2.499536 3.494251 -0.505407
v -2.367489 3.621318 -0.530646
v -2.368418 3.527761 -0.510271
v -2.497926 3.656298 -0.540696
v -2.402190 3.655761 -0.538798
v -2.357512 3.569298 -0.536915
v -2.454202 3.476076 -0.519815
v -2.548906 3.570147 -0.542475
v -2.452215 3.663369 -0.559575
v -2.370829 3.522532 -0.527348
v -2.369836 3.616179 -0.547228
v -2.501918 3.488835 -0.523868
v -2.406221 3.488410 -0.521089
v -2.535589 3.616914 -0.552043
v -2.536582 3.523268 -0.532163
v -2.404500 3.650610 -0.555522
v -2.500198 3.651035 -0.558302
v 2.762462 3.314587 -0.254655
v 2.765960 3.762332 -0.343850
v 2.685564 3.535142 -0.319233
v 2.721687 3.660423 -0.342445
v 2.771468 3.758933 -0.386223
v 2.760361 3.299567 -0.299068
v 2.772573 3.697958 -0.356179
v 2.769748 3.674201 -0.339082
v 2.674109 3.581291 -0.331104
v 2.765072 3.489748 -0.298402
v 2.860710 3.582690 -0.306383
v 2.816086 3.662199 -0.330177
v 2.687779 3.627495 -0.339618
v 2.812035 3.502458 -0.294947
v 2.718735 3.501758 -0.307308
v 2.849380 3.628705 -0.318208
v 2.847042 3.536479 -0.297868
v 2.861712 3.580345 -0.342671
v 2.767396 3.488303 -0.331667
v 2.675523 3.572023 -0.365191
v 2.769839 3.668923 -0.377765
v 2.848628 3.534560 -0.336215
v 2.849849 3.625161 -0.356735
v 2.721013 3.499643 -0.339851
v 2.814107 3.501084 -0.330335
v 2.688607 3.622665 -0.373217
v 2.687385 3.532647 -0.347639
v 2.816222 3.657583 -0.369580
v 2.723128 3.656142 -0.379096
v 2.957639 0.284931 0.511177
v 2.863289 0.153523 0.537733
v 2.754745 0.255188 0.500811
v 2.644573 0.149813 0.527659
v 2.753174 0.049027 0.564402
v 2.843431 0.201780 0.521967
v 2.842710 0.105610 0.551456
v 2.703925 0.234405 0.504588
v 2.805284 0.237670 0.508945
v 2.664477 0.103086 0.543146
v 2.665198 0.197250 0.514063
v 2.804003 0.068921 0.560836
v 2.702644 0.067686 0.556069
v 2.645802 0.139929 0.484205
v 2.755227 0.242798 0.456698
v 2.865334 0.139998 0.491347
v 2.752487 0.035360 0.519298
v 2.666211 0.186767 0.470684
v 2.664945 0.093543 0.498863
v 2.807503 0.224989 0.463919
v 2.704806 0.223407 0.460868
v 2.845056 0.093248 0.504784
v 2.846324 0.188076 0.476318
v 2.702568 0.056408 0.511335
v 2.805244 0.055851 0.514786
v 2.704367 0.222989 0.460980
v 2.751544 -0.054419 0.578792
v 2.554112 0.281570 0.500339
v 2.749885 -0.022845 0.515236
v -2.509821 3.691182 -0.565596
v -2.419436 3.701433 -0.564310
v 4.640146 2.853313 -0.091531
v 2.873604 0.153892 0.538172
v 2.754788 0.265496 0.497665
v 2.634255 0.149981 0.527111
v 2.753129 0.039404 0.567409
v 2.851501 0.207446 0.520655
v 2.850710 0.100635 0.553428
v 2.698701 0.242619 0.501821
v 2.810590 0.246010 0.506674
v 2.656410 0.097930 0.544355
v 2.657200 0.202915 0.511951
v 2.809227 0.061391 0.563465
v 2.697340 0.060001 0.558207
v 2.635495 0.140208 0.483816
v 2.755293 0.253003 0.453644
v 2.875635 0.140128 0.491658
v 2.752268 0.025661 0.522266
v 2.658225 0.192337 0.468768
v 2.656788 0.088573 0.500131
v 2.812745 0.233272 0.461608
v 2.699665 0.231662 0.458233
v 2.853047 0.088114 0.506616
v 2.854433 0.193610 0.474926
v 2.697007 0.048910 0.513459
v 2.810466 0.048150 0.517310
v 2.697798 0.229872 0.458710
v -2.450409 0.270053 0.392349
v -2.569663 0.154087 0.420201
v -2.450904 0.036393 0.434338
v -2.333540 0.150560 0.407147
v -2.509845 0.255431 0.394737
v -2.391203 0.253234 0.393233
v -2.554216 0.094332 0.427345
v -2.553690 0.213055 0.407258
v -2.393668 0.048951 0.423111
v -2.511243 0.050661 0.431235
v -2.348655 0.209271 0.396764
v -2.349778 0.092024 0.416665
v -2.447921 -0.000271 0.440814
v -2.448112 0.293702 0.389163
v -2.556465 3.575529 -0.524188
v -2.451888 3.471770 -0.499624
v -2.345262 3.574343 -0.520000
v -2.449837 3.678103 -0.544565
v -2.542830 3.523867 -0.512673
v -2.541804 3.627034 -0.535143
v -2.398950 3.485294 -0.501588
v -2.504552 3.485888 -0.503682
v -2.358897 3.626006 -0.531516
v -2.359922 3.522840 -0.509046
v -2.502775 3.664578 -0.542601
v -2.397174 3.663985 -0.540507
v -2.148292 3.023885 -0.374034
v -2.153012 3.279227 -0.440841
v 2.676789 3.531430 -0.319428
v 2.716681 3.669730 -0.345051
v 2.769673 3.684414 -0.341286
v 2.664115 3.582311 -0.332525
v 2.764654 3.480737 -0.296349
v 2.870282 3.583552 -0.305178
v 2.820960 3.671125 -0.331430
v 2.679183 3.633306 -0.341924
v 2.816550 3.494770 -0.292529
v 2.713459 3.494620 -0.306261
v 2.857749 3.634276 -0.318226
v 2.855211 3.532491 -0.295772
v 2.871321 3.580120 -0.341602
v 2.767061 3.478425 -0.328902
v 2.665501 3.571486 -0.366127
v 2.769749 3.678311 -0.380444
v 2.856859 3.529566 -0.333931
v 2.858209 3.629663 -0.357149
v 2.715787 3.490959 -0.337950
v 2.818697 3.492555 -0.327431
v 2.679964 3.626898 -0.375368
v 2.678613 3.527382 -0.347092
v 2.821025 3.665780 -0.371397
v 2.718114 3.664183 -0.381916
v -2.347647 3.569186 -0.536621
v -2.454304 3.466388 -0.517762
v -2.558770 3.570122 -0.542754
v -2.454976 3.676730 -0.562051
v -2.362337 3.517615 -0.526069
v -2.361242 3.620881 -0.547994
v -2.506938 3.480457 -0.522232
v -2.401377 3.479989 -0.519166
v -2.544080 3.621693 -0.553306
v -2.545176 3.518426 -0.531380
v -2.402206 3.662699 -0.557585
v -2.505041 3.659319 -0.560209
v -2.338240 0.137679 0.381801
v -2.460004 0.027406 0.398792
v -2.566857 0.144491 0.387608
v -2.445868 0.255737 0.368321
v -2.357281 0.080972 0.388544
v -2.349904 0.195235 0.373762
v -2.515909 0.043901 0.399585
v -2.401865 0.040599 0.394610
v -2.548046 0.201675 0.377967
v -2.555123 0.086670 0.395007
v -2.389173 0.238566 0.369962
v -2.503681 0.242423 0.369255
v 4.483202 4.027884 -0.270189
v 4.626246 3.338140 -0.133940
vn -0.0646 0.3113 0.9481
vn -0.0698 0.2285 0.9710
vn -0.0302 0.2050 0.9783
vn -0.0332 0.3044 0.9520
vn 0.2567 0.1770 0.9501
vn 0.2583 0.2486 0.9335
vn 0.0779 0.1360 0.9876
vn 0.0348 0.1729 0.9843
vn -0.0253 0.4741 0.8801
vn -0.0349 0.4942 0.8687
vn -0.0165 0.2966 0.9549
vn -0.0275 0.3018 0.9530
vn -0.2926 0.2133 0.9321
vn -0.3234 0.1818 0.9286
vn -0.9573 0.1579 -0.2420
vn -0.9818 0.0202 -0.1887
vn 0.0930 0.2880 -0.9531
vn 0.1101 0.0917 -0.9897
vn 0.1685 0.0453 -0.9847
vn 0.1777 0.2416 -0.9540
vn -0.1990 -0.3632 0.9102
vn -0.1822 -0.3488 0.9193
vn -0.1821 -0.4231 0.8876
vn -0.1293 -0.1843 0.9743
vn 0.0348 -0.4166 0.9084
vn -0.0822 -0.3979 0.9137
vn -0.1243 -0.2361 0.9637
vn -0.5532 -0.4312 0.7127
vn -0.2415 0.1009 0.9651
vn -0.9041 -0.1725 0.3909
vn -0.0605 0.5834 0.8099
vn -0.0718 0.9220 -0.3805
vn -0.2683 0.8459 -0.4609
vn -0.1280 0.6304 0.7657
vn -0.5504 0.7072 -0.4438
vn -0.3141 0.6660 0.6766
vn -0.9360 0.3063 -0.1734
vn -0.4279 0.4283 0.7959
vn 0.0158 -0.6515 0.7585
vn 0.1863 -0.8947 -0.4060
vn 0.4694 -0.7741 -0.4247
vn 0.1129 -0.6044 0.7887
vn 0.4986 -0.8257 -0.2636
vn 0.1469 -0.3192 0.9362
vn 0.7124 -0.7013 -0.0269
vn 0.4992 -0.1686 0.8499
vn 0.8104 -0.3587 -0.4631
vn 0.7773 -0.1216 0.6173
vn -0.0473 0.6164 0.7860
vn -0.0922 0.3709 0.9241
vn 0.0166 0.4052 0.9141
vn 0.0872 0.4880 0.8685
vn 0.1744 0.3497 0.9205
vn 0.2040 0.4253 0.8818
vn 0.1707 0.2603 0.9503
vn 0.2528 0.3509 0.9016
vn -0.0081 -0.2646 0.9643
vn 0.0090 -0.3142 0.9493
vn -0.0242 0.1065 0.9940
vn 0.0002 0.1517 0.9884
vn 0.0630 0.2585 -0.9640
vn 0.1073 0.2562 -0.9607
vn -0.0352 -0.8472 -0.5302
vn -0.2380 -0.7859 -0.5707
vn -0.0390 -0.1597 0.9864
vn -0.1012 -0.3270 0.9396
vn -0.0249 0.2738 -0.9615
vn -0.3968 -0.7728 -0.4953
vn -0.0587 -0.5395 0.8400
vn 0.0740 0.1394 -0.9875
vn -0.5314 -0.7065 -0.4675
vn -0.0664 -0.1806 0.9813
vn 0.1176 -0.0149 -0.9929
vn -0.3921 -0.2291 -0.8909
vn -0.1215 0.1036 0.9872
vn -0.0266 0.1553 0.9875
vn -0.0239 0.0650 0.9976
vn -0.0530 0.2271 0.9724
vn 0.0333 -0.1917 -0.9809
vn 0.0119 -0.2196 -0.9755
vn -0.0395 0.2420 0.9695
vn -0.0536 0.3349 0.9407
vn -0.0364 -0.2462 -0.9685
vn 0.0009 0.1519 0.9884
vn -0.0337 0.2509 0.9674
vn 0.0040 -0.1577 -0.9875
vn 0.0085 0.1597 0.9871
vn -0.0671 0.1454 0.9871
vn 0.0186 -0.1691 -0.9854
vn -0.0926 0.1366 0.9863
vn -0.0545 0.1535 0.9866
vn -0.0098 0.0303 0.9995
vn 0.0891 -0.0923 -0.9917
vn 0.1444 0.0199 -0.9893
vn 0.0206 -0.0592 0.9980
vn 0.1252 0.0142 -0.9920
vn 0.0047 0.1229 0.9924
vn -0.0628 0.1648 0.9843
vn -0.0982 0.1318 0.9864
vn 0.0202 0.0330 0.9993
vn 0.0689 -0.1128 -0.9912
vn 0.0241 0.2408 0.9703
vn 0.0164 0.0410 0.9990
vn 0.1778 -0.1063 -0.9783
vn 0.0147 -0.1530 -0.9881
vn 0.0826 -0.1850 -0.9793
vn 0.0684 0.6051 -0.7932
vn 0.1353 0.6772 -0.7232
vn -0.1095 0.1125 0.9876
vn -0.0141 -0.1511 -0.9884
vn 0.2290 0.3724 -0.8994
vn -0.0120 -0.1918 -0.9814
vn 0.4545 0.0778 -0.8874
vn -0.0906 0.0604 0.9941
vn 0.0744 -0.1766 -0.9815
vn 0.7654 -0.0582 -0.6410
vn -0.0748 0.1771 0.9813
vn 0.0020 -0.1150 -0.9934
vn -0.0124 -0.9301 -0.3671
vn -0.0202 -0.1153 0.9931
vn -0.0280 -0.2471 0.9686
vn 0.0498 0.2539 0.9660
vn -0.0861 0.2428 0.9662
vn 0.1303 -0.1284 -0.9831
vn -0.5307 -0.1524 -0.8337
vn -0.0976 0.0997 0.9902
vn -0.0935 0.3219 0.9421
vn 0.0241 -0.1916 -0.9812
vn -0.0072 0.9257 -0.3783
vn 0.1163 -0.1560 -0.9809
vn 0.7573 -0.0806 -0.6481
vn 0.0296 -0.1060 -0.9939
vn 0.0281 -0.1764 -0.9839
vn 0.0207 0.9204 -0.3905
vn 0.0188 0.9220 -0.3867
vn -0.0237 0.0157 0.9996
vn -0.0224 0.0500 0.9985
vn -0.0219 0.3214 0.9467
vn -0.0239 0.3299 0.9437
vn -0.0226 0.4726 0.8810
vn -0.0233 0.4743 0.8801
vn -0.0241 0.3234 0.9459
vn -0.0267 0.0993 0.9947
vn -0.0221 0.0724 0.9971
vn -0.0290 0.3173 0.9479
vn -0.0267 0.3090 0.9507
vn 0.0235 -0.1983 -0.9799
vn 0.0285 -0.1815 -0.9830
vn 0.0127 0.9263 -0.3766
vn -0.0210 0.9354 -0.3530
vn -0.0281 0.4796 0.8770
vn -0.0253 0.4785 0.8777
vn -0.0277 0.3273 0.9445
vn -0.0549 0.5516 0.8323
vn -0.0226 0.4950 0.8686
vn -0.0251 0.3399 0.9401
vn -0.0577 0.3450 0.9368
vn 0.0357 -0.0229 -0.9991
vn 0.0250 -0.0656 -0.9975
vn 0.0184 0.9280 -0.3722
vn -0.0191 0.9153 -0.4024
vn -0.0224 0.0607 0.9979
vn -0.0237 0.0359 0.9991
vn 0.0082 0.2698 0.9629
vn 0.0389 0.2201 0.9747
vn 0.0225 0.1439 0.9893
vn 0.0034 0.2024 0.9793
vn 0.0522 0.1251 -0.9908
vn -0.0307 -0.0133 -0.9994
vn -0.0452 -0.8819 -0.4693
vn 0.0808 -0.8677 -0.4905
vn -0.0227 -0.3845 0.9228
vn -0.0043 -0.2928 0.9562
vn -0.0171 0.0377 0.9991
vn -0.0334 0.2059 0.9780
vn -0.0631 0.1861 0.9805
vn -0.0017 -0.0149 -0.9999
vn 0.0387 0.0698 -0.9968
vn 0.0180 -0.9345 -0.3556
vn -0.0155 -0.9019 -0.4317
vn -0.0068 -0.1952 0.9807
vn -0.0309 -0.2190 0.9752
vn -0.0911 -0.4540 0.8863
vn -0.2129 -0.4364 0.8742
vn -0.2139 -0.1565 0.9642
vn -0.1024 -0.2327 0.9671
vn 0.1211 -0.8008 -0.5865
vn 0.0793 -0.8094 -0.5819
vn -0.1255 0.0556 0.9905
vn -0.1859 -0.0313 0.9821
vn -0.1481 -0.0510 0.9877
vn -0.0619 -0.6561 0.7521
vn -0.1624 -0.6744 0.7203
vn -0.0373 -0.0577 0.9976
vn -0.0393 0.0123 0.9992
vn -0.1026 0.0892 0.9907
vn -0.1305 -0.0164 0.9913
vn 0.0146 0.1523 0.9882
vn 0.0409 0.1373 0.9897
vn -0.0033 0.0501 -0.9987
vn -0.0670 -0.1817 -0.9811
vn 0.0082 0.0065 -0.9999
vn 0.0367 0.0313 -0.9988
vn 0.0178 -0.2257 -0.9740
vn 0.1745 -0.1790 -0.9682
vn -0.0139 -0.6333 0.7738
vn -0.0263 -0.6046 0.7961
vn -0.0167 -0.7169 0.6969
vn -0.0212 -0.6787 0.7341
vn -0.0522 0.5713 0.8191
vn -0.0206 0.5146 0.8572
vn -0.0307 0.5146 0.8569
vn -0.0224 0.5311 0.8470
vn -0.0225 0.5384 0.8424
vn -0.0224 0.5624 0.8266
vn -0.0087 -0.6317 0.7751
vn 0.7632 0.6460 -0.0171
vn 0.8716 0.3505 0.3428
vn 0.1724 0.8880 0.4264
vn 0.4565 0.8568 0.2400
vn 0.0178 0.9229 0.3847
vn 0.2872 -0.0729 0.9551
vn 0.3736 0.0067 0.9276
vn 0.1483 -0.2220 0.9637
vn 0.0722 -0.3590 0.9305
vn -0.2861 0.4023 0.8697
vn -0.2341 0.1707 0.9571
vn -0.2433 0.5844 0.7741
vn -0.0945 0.4558 0.8851
vn -0.7118 -0.6949 0.1021
vn -0.8699 -0.4205 -0.2578
vn -0.2188 -0.5819 0.7832
vn -0.0994 -0.4637 0.8804
vn -0.1540 -0.5639 0.8114
vn -0.2278 0.2204 0.9484
vn -0.0261 0.5539 0.8322
vn -0.3111 0.2252 0.9233
vn -0.3425 0.2229 0.9127
vn -0.3797 0.2210 0.8983
vn -0.4511 0.2102 0.8674
vn -0.1584 0.2372 0.9584
vn -0.1490 0.2272 0.9624
vn 0.0354 -0.2263 -0.9734
vn 0.0152 -0.2205 -0.9753
vn -0.9910 0.0051 -0.1336
vn -0.9921 -0.0213 -0.1235
vn -0.0640 0.2530 0.9653
vn -0.0087 0.2475 0.9688
vn -0.9653 -0.0433 -0.2576
vn 0.8087 -0.1348 -0.5726
vn 0.8116 -0.1295 -0.5697
vn 0.7991 0.1463 0.5831
vn 0.8517 0.1521 0.5014
vn 0.2937 0.2275 0.9284
vn 0.3229 0.2451 0.9141
vn 0.0951 -0.2364 -0.9670
vn 0.0714 -0.2237 -0.9720
vn -0.0955 0.2364 0.9670
vn -0.0811 0.2536 0.9639
vn -0.0840 0.2458 0.9657
vn -0.0804 0.2331 0.9691
vn -0.0508 0.2279 0.9724
vn -0.0883 0.1912 0.9776
vn -0.1034 0.2226 0.9694
vn -0.0147 0.2090 0.9778
vn 0.8319 0.1011 0.5457
vn 0.8536 0.0920 0.5127
vn 0.2790 0.1728 0.9446
vn 0.2955 0.1976 0.9347
vn 0.0898 -0.1952 -0.9767
vn 0.1012 -0.1689 -0.9804
vn 0.7150 -0.1124 -0.6900
vn 0.7490 -0.1440 -0.6468
vn 0.0152 0.1807 0.9834
vn 0.4989 0.2009 0.8431
vn 0.4384 0.2314 0.8685
vn -0.0720 0.2391 0.9683
vn 0.1421 -0.2380 -0.9608
vn 0.1424 -0.2492 -0.9579
vn 0.7771 -0.1518 -0.6109
vn 0.7815 -0.1456 -0.6067
vn 0.9453 0.0764 0.3172
vn 0.9296 0.1042 0.3535
vn -0.0732 0.2171 0.9734
vn -0.0446 0.1873 0.9813
vn 0.0331 -0.2006 -0.9791
vn 0.0491 -0.2146 -0.9755
vn -0.9783 -0.0183 -0.2062
vn -0.3399 0.2252 0.9131
vn -0.2721 0.2269 0.9351
vn -0.3279 0.2187 0.9191
vn -0.3449 0.2242 0.9115
vn -0.1231 0.2313 0.9651
vn -0.1026 0.2355 0.9664
vn 0.0475 0.2318 0.9716
vn 0.0555 0.2291 0.9718
vn -0.9911 0.0448 0.1252
vn -0.7554 0.1738 0.6318
vn -0.9024 -0.0954 -0.4203
vn -0.6914 -0.1467 -0.7074
vn -0.1497 0.1949 0.9693
vn -0.0918 0.2523 0.9633
vn -0.1831 0.2463 0.9517
vn -0.1606 0.1528 0.9751
vn -0.4927 0.2364 0.8375
vn -0.7444 0.1403 0.6528
vn 0.0240 -0.2356 -0.9715
vn 0.0790 -0.2413 -0.9672
vn 0.0013 -0.2367 -0.9716
vn 0.0263 -0.2488 -0.9682
vn 0.0237 -0.2033 -0.9788
vn 0.0183 -0.2144 -0.9766
vn 0.0542 -0.2293 -0.9718
vn 0.0704 -0.2092 -0.9753
vn 0.0306 -0.1952 -0.9803
vn 0.0255 -0.2049 -0.9785
vn 0.1291 -0.1675 -0.9774
vn 0.1195 -0.1577 -0.9802
vn 0.1207 -0.2221 -0.9675
vn 0.0410 -0.2358 -0.9709
vn 0.0521 -0.2786 -0.9590
vn 0.1177 -0.2584 -0.9588
vn 0.0258 -0.2482 -0.9684
vn 0.0282 -0.2285 -0.9731
vn 0.0277 -0.1189 -0.9925
vn 0.0916 -0.2178 -0.9717
vn 0.1612 -0.2174 -0.9627
vn 0.1248 -0.2197 -0.9675
vn 0.0797 -0.2293 -0.9701
vn 0.1077 -0.1874 -0.9764
vn 0.1168 -0.1810 -0.9765
vn 0.0235 -0.2335 -0.9721
vn 0.0203 -0.2166 -0.9760
vn 0.0200 -0.2305 -0.9729
vn 0.0111 -0.2277 -0.9737
vn 0.0228 -0.2118 -0.9770
vn 0.0280 -0.2356 -0.9714
vn 0.0322 -0.2322 -0.9721
vn 0.0270 -0.2271 -0.9735
vn 0.1146 -0.2528 -0.9607
vn 0.1412 -0.2438 -0.9595
vn 0.1609 -0.2160 -0.9630
vn 0.1012 -0.2239 -0.9693
vn 0.0858 -0.2253 -0.9705
vn 0.0788 -0.2263 -0.9709
vn -0.0253 0.2390 0.9707
vn -0.0224 0.2280 0.9734
vn -0.0870 0.2561 0.9627
vn -0.0883 0.2138 0.9729
vn -0.0102 0.2898 0.9570
vn -0.0075 0.2707 0.9626
vn -0.0178 0.2576 0.9661
vn -0.0220 0.2631 0.9645
vn -0.0154 0.2522 0.9676
vn -0.0216 0.2474 0.9687
vn -0.0201 0.2414 0.9702
vn -0.0240 0.2459 0.9690
vn -0.0181 0.2494 0.9682
vn -0.0221 0.2500 0.9680
vn -0.0279 0.2386 0.9707
vn -0.0149 0.2560 0.9665
vn -0.0307 0.2408 0.9701
vn -0.0223 0.2268 0.9737
vn -0.0245 0.2276 0.9734
vn -0.0353 0.2303 0.9725
vn -0.0846 0.2535 0.9636
vn -0.0683 0.2673 0.9612
vn -0.0683 0.1677 0.9835
vn -0.0670 0.1695 0.9833
vn -0.0605 0.1661 0.9843
vn -0.0322 0.2405 0.9701
vn -0.0219 0.2548 0.9668
vn -0.0208 0.0708 0.9973
vn -0.0243 0.0806 0.9964
vn -0.0722 0.1978 0.9776
vn -0.0893 0.0596 0.9942
vn -0.0208 -0.0844 0.9962
vn -0.0739 0.1567 0.9849
vn -0.0844 0.1192 0.9893
vn -0.0335 0.1100 0.9934
vn -0.0046 0.0934 0.9956
vn -0.0511 0.2674 0.9622
vn -0.0547 0.2801 0.9584
vn -0.0361 0.2820 0.9587
vn -0.0223 0.2400 0.9705
vn -0.0293 0.0888 0.9956
vn -0.0233 -0.0067 0.9997
vn -0.0318 0.0414 0.9986
vn -0.0205 0.0378 0.9991
vn -0.0352 0.2709 0.9620
vn -0.0430 0.2548 0.9660
vn -0.0775 0.2430 0.9669
vn -0.0645 0.2713 0.9603
vn 0.0026 0.2963 0.9551
vn 0.0216 0.2791 0.9600
vn 0.0064 0.2583 0.9660
vn 0.0059 0.2729 0.9620
vn 0.0112 0.2305 0.9730
vn -0.0250 0.2008 0.9793
vn -0.0246 0.2271 0.9735
vn -0.0035 0.2350 0.9720
vn -0.0241 0.2356 0.9716
vn -0.0174 0.2428 0.9699
vn 0.0238 -0.1950 -0.9805
vn 0.1283 -0.1281 -0.9834
vn 0.1228 0.0483 -0.9913
vn 0.1379 -0.2632 -0.9548
vn 0.0155 -0.2426 -0.9700
vn 0.0193 -0.2521 -0.9675
vn 0.0229 -0.2549 -0.9667
vn 0.0175 -0.2396 -0.9707
vn 0.1002 -0.2029 -0.9741
vn 0.1394 -0.1902 -0.9718
vn 0.1115 -0.2591 -0.9594
vn 0.0308 -0.2689 -0.9627
vn 0.0496 -0.2705 -0.9615
vn 0.0322 -0.2452 -0.9689
vn 0.0345 -0.2594 -0.9652
vn 0.1025 0.2147 -0.9713
vn 0.0274 -0.0590 -0.9979
vn 0.0233 -0.0683 -0.9974
vn 0.0621 -0.2342 -0.9702
vn 0.0358 -0.2662 -0.9632
vn 0.0286 -0.2745 -0.9612
vn 0.0563 -0.2871 -0.9562
vn 0.0751 -0.2409 -0.9676
vn 0.0593 -0.2121 -0.9755
vn 0.0518 -0.1904 -0.9803
vn 0.0505 -0.2310 -0.9717
vn 0.1756 -0.0924 -0.9801
vn 0.0315 -0.2091 -0.9774
vn 0.0263 -0.1870 -0.9820
vn -0.0335 0.2402 0.9702
vn -0.0328 0.0816 0.9961
vn -0.0434 0.0892 0.9951
vn 0.1216 -0.1767 -0.9767
vn 0.1000 -0.1445 -0.9844
vn 0.0706 -0.2476 -0.9663
vn 0.0279 -0.8498 -0.5264
vn -0.0282 -0.6545 0.7556
vn 0.0107 0.9338 -0.3576
vn -0.0196 0.5384 0.8425
vn -0.0221 0.4718 0.8814
vn -0.0903 -0.1543 0.9839
vn -0.0305 -0.4424 0.8963
vn 0.0567 0.2827 -0.9575
vn 0.0723 0.0599 -0.9956
vn 0.0121 -0.2235 -0.9746
vn 0.1641 -0.2021 -0.9655
vn 0.0645 -0.2381 -0.9691
vn 0.0715 -0.2314 -0.9702
vn 0.0711 -0.1838 -0.9804
vn 0.1057 -0.2017 -0.9737
vn 0.0964 -0.2076 -0.9734
vn 0.1018 -0.2390 -0.9657
vn 0.0940 -0.2083 -0.9735
vn -0.0495 0.2741 0.9604
vn -0.0364 0.2786 0.9597
vn -0.0548 0.2938 0.9543
vn -0.0342 0.2882 0.9570
vn -0.0926 -0.0051 0.9957
vn -0.1095 0.0060 0.9940
vn -0.0965 -0.0151 0.9952
vn -0.1221 0.2356 0.9642
vn -0.0659 0.2241 0.9723
vn -0.0842 0.1874 0.9787
vn -0.0485 0.1993 0.9787
vn -0.0635 0.1685 0.9837
vn -0.0244 0.2780 0.9603
vn -0.0661 0.2737 0.9595
vn -0.0638 0.2030 0.9771
vn -0.0311 0.2164 0.9758
vn 0.0812 0.5672 -0.8196
vn 0.0522 0.6796 -0.7318
vn -0.0451 0.9732 0.2255
vn -0.0071 0.9998 0.0196
vn 0.0236 -0.9634 -0.2671
vn -0.0147 -0.9585 -0.2847
vn -0.0195 -0.5998 0.7999
vn -0.0475 -0.5861 0.8089
vn -0.0133 -0.2699 0.9628
vn -0.0605 -0.2936 0.9540
vn -0.0796 0.7324 0.6762
vn -0.0679 0.7630 0.6428
vn 0.0204 -0.2817 -0.9593
vn 0.0222 -0.2798 -0.9598
vn -0.0027 0.1568 0.9876
vn -0.0117 0.1939 0.9810
vn -0.0114 0.1333 0.9910
vn -0.0872 0.3157 0.9448
vn -0.0921 0.0634 0.9937
vn -0.0880 0.3316 0.9393
vn 0.0687 -0.1748 -0.9822
vn 0.0487 -0.1533 -0.9870
vn -0.0662 0.1692 0.9834
vn -0.0108 0.1843 0.9828
vn -0.0190 0.2059 0.9784
vn -0.0221 -0.2658 -0.9638
vn 0.0171 -0.3134 -0.9495
vn 0.0192 -0.2497 -0.9681
vn 0.0080 -0.2281 -0.9736
vn 0.0375 -0.2246 -0.9737
vn 0.0289 -0.2275 -0.9734
vn -0.0323 0.2823 0.9588
vn -0.0336 0.2799 0.9594
vn -0.0038 0.0337 0.9994
vn -0.0228 0.0236 0.9995
vn -0.0142 0.2445 0.9695
vn 0.0034 0.2497 0.9683
vn -0.0349 0.2945 0.9550
vn -0.0250 0.2587 0.9656
vn 0.0985 -0.8674 -0.4878
vn -0.1013 -0.6911 0.7156
vn 0.0007 0.9361 -0.3518
vn -0.0251 0.5253 0.8506
vn -0.0254 0.4744 0.8799
vn -0.1403 -0.3914 0.9094
vn 0.1403 0.2071 -0.9682
vn 0.1470 0.0520 -0.9878
vn 0.0314 0.2048 0.9783
vn 0.0050 0.2445 0.9696
vn 0.0031 0.1506 0.9886
vn -0.0407 0.2301 0.9723
vn -0.0407 0.2362 0.9708
vn -0.0674 -0.2768 -0.9586
vn -0.2008 0.1625 0.9661
vn -0.1053 0.0444 0.9934
vn -0.1125 0.2109 0.9710
vn 0.0117 -0.1404 -0.9900
vn -0.0017 -0.2647 -0.9643
vn -0.0215 0.2710 0.9623
vn -0.0253 0.2445 0.9693
vn 0.0807 -0.2099 -0.9744
vn 0.0207 0.1983 0.9799
vn 0.0082 -0.4576 -0.8891
vn 0.0494 -0.2471 -0.9677
vn 0.0542 -0.2677 -0.9620
vn 0.0193 -0.2310 -0.9728
vn 0.1219 -0.3118 -0.9423
vn 0.1579 -0.2295 -0.9604
vn 0.1294 -0.1900 -0.9732
vn -0.0265 0.2077 0.9778
vn -0.7903 0.0577 0.6100
vn -0.9566 -0.0787 -0.2806
vn -0.1569 0.1443 0.9770
vn 0.8311 -0.2704 -0.4859
vn 0.9019 0.0058 0.4318
vn 0.4662 0.1166 0.8770
vn 0.0261 -0.2203 -0.9751
vn -0.0175 0.2454 0.9693
vn 0.0153 0.2442 0.9696
vn -0.0794 0.2322 0.9694
vn 0.0217 -0.2148 -0.9764
vn -0.0255 0.2469 0.9687
vn -0.0428 0.2373 0.9705
vn 0.7905 0.1295 0.5986
vn 0.0562 -0.2563 -0.9650
vn -0.0275 0.2644 0.9640
vn 0.0570 -0.0105 -0.9983
vn -0.0444 0.2525 0.9666
vn -0.0256 0.2627 0.9645
vn -0.0216 0.2367 0.9713
vn -0.0257 0.2192 0.9753
vn 0.0897 -0.1177 -0.9890
vn -0.0261 0.2296 0.9729
vn -0.0325 0.2498 0.9677
vn -0.0720 0.2216 0.9725
vn -0.0634 0.2290 0.9714
vn -0.0565 -0.2700 0.9612
vn 0.0639 -0.0658 -0.9958
vn 0.0310 -0.9608 -0.2756
vn -0.0530 -0.0002 0.9986
vn -0.0428 -0.5869 0.8085
vn -0.0445 0.0407 0.9982
vn 0.0773 -0.2019 -0.9764
vn 0.0877 -0.0589 -0.9944
vn 0.0119 0.8811 -0.4728
vn -0.0769 0.7342 0.6746
vn -0.0833 0.6175 0.7822
vn -0.0777 0.3078 0.9483
vn -0.0804 0.2360 0.9684
vn 0.0951 -0.1857 -0.9780
vn 0.0958 0.0950 -0.9909
vn 0.0737 -0.1947 -0.9781
vn 0.0975 -0.2148 -0.9718
vn -0.0627 0.2317 0.9708
vn -0.0609 0.2257 0.9723
vn -0.0529 0.2649 0.9628
vn 0.0142 0.2347 0.9720
vn 0.0318 -0.2235 -0.9742
vn 0.0181 -0.2223 -0.9748
vn -0.0892 -0.2296 -0.9692
vn 0.1609 -0.1645 -0.9732
vn -0.7032 -0.3915 -0.5935
vn -0.4369 -0.1480 0.8873
vn -0.2111 -0.3177 0.9244
vn -0.4589 -0.7180 -0.5233
vn 0.0134 -0.3463 0.9380
vn -0.0374 -0.8833 -0.4673
vn 0.2711 -0.2584 0.9272
vn 0.3874 -0.7917 -0.4724
vn 0.4820 -0.0824 0.8723
vn 0.6867 -0.5063 -0.5216
vn 0.6039 0.1061 0.7899
vn 0.7469 -0.1118 -0.6555
vn 0.6144 0.3903 0.6857
vn 0.5848 0.2258 -0.7791
vn 0.3800 0.7352 0.5613
vn 0.3107 0.4468 -0.8389
vn 0.0387 0.8660 0.4986
vn -0.0073 0.5438 -0.8392
vn -0.2977 0.7181 0.6291
vn -0.3217 0.5073 -0.7995
vn -0.5043 0.4007 0.7650
vn -0.6011 0.3221 -0.7314
vn -0.5414 0.1334 0.8301
vn -0.7593 -0.0150 -0.6506
vn -0.5399 0.4548 0.7083
vn -0.5487 0.1923 -0.8136
vn -0.2759 0.3910 -0.8781
vn -0.3404 0.6940 0.6344
vn 0.0428 0.4272 -0.9032
vn -0.0227 0.8083 0.5884
vn 0.3260 0.3199 -0.8896
vn 0.3275 0.7383 0.5896
vn 0.5232 0.1083 -0.8453
vn 0.5914 0.4897 0.6406
vn 0.6039 -0.1648 -0.7798
vn 0.6744 0.1426 0.7244
vn 0.5480 -0.4515 -0.7042
vn 0.5532 -0.1830 0.8127
vn 0.3495 -0.6866 -0.6375
vn 0.2840 -0.3845 0.8783
vn 0.0355 -0.7990 -0.6003
vn -0.0349 -0.4210 0.9064
vn -0.3199 -0.7340 -0.5991
vn -0.3169 -0.3118 0.8957
vn -0.5933 -0.4856 -0.6420
vn -0.5119 -0.1009 0.8531
vn -0.6771 -0.1353 -0.7234
vn -0.5934 0.1692 0.7870
vn -0.5045 0.1530 -0.8498
vn -0.2874 0.4022 -0.8693
vn -0.3777 0.6576 0.6518
vn -0.5932 0.4627 0.6588
vn 0.0880 0.5061 -0.8580
vn -0.1012 0.7399 0.6651
vn 0.4063 0.3948 -0.8240
vn 0.1944 0.6921 0.6951
vn 0.6718 0.1122 -0.7321
vn 0.4503 0.5032 0.7376
vn 0.6815 -0.2111 -0.7007
vn 0.5746 0.1713 0.8003
vn 0.6029 -0.4733 -0.6423
vn 0.4934 -0.1677 0.8535
vn 0.3608 -0.6982 -0.6184
vn 0.2399 -0.4264 0.8722
vn 0.0839 -0.7800 -0.6201
vn -0.1180 -0.4961 0.8602
vn -0.2155 -0.7294 -0.6492
vn -0.4441 -0.3807 0.8110
vn -0.4619 -0.5367 -0.7061
vn -0.6517 -0.1281 0.7476
vn -0.5935 -0.1894 -0.7822
vn -0.6990 0.1818 0.6916
vn -0.0491 0.2574 0.9651
vn -0.0486 0.2841 0.9576
vn 0.6168 -0.2422 -0.7489
vn 0.5527 -0.5638 -0.6138
vn 0.5274 -0.1367 0.8386
vn 0.5663 0.2491 0.7857
vn 0.5822 0.1314 -0.8024
vn 0.5037 0.5791 0.6411
vn 0.3992 0.3095 -0.8631
vn 0.3254 0.7482 0.5782
vn 0.0384 0.3370 -0.9407
vn -0.0404 0.8045 0.5926
vn -0.3366 0.3112 -0.8887
vn -0.3880 0.7385 0.5515
vn -0.5210 0.1271 -0.8440
vn -0.5711 0.5668 0.5938
vn -0.5679 -0.2309 -0.7900
vn -0.6362 0.2362 0.7345
vn -0.5168 -0.5602 -0.6474
vn -0.5883 -0.1304 0.7980
vn -0.3226 -0.7424 -0.5871
vn -0.3947 -0.3131 0.8638
vn 0.0372 -0.7999 -0.5990
vn -0.0374 -0.3556 0.9339
vn 0.3737 -0.7312 -0.5707
vn 0.3362 -0.3220 0.8851
vn 0.5072 -0.6754 -0.5353
vn -0.0453 0.2218 0.9740
vn -0.0304 0.2116 0.9769
vn -0.0130 0.2000 0.9797
vn 0.0113 0.2578 0.9661
vn -0.0648 0.2416 0.9682
vn -0.0643 0.2687 0.9611
vn -0.0376 0.2733 0.9612
vn 0.0196 -0.3503 -0.9364
vn -0.0732 0.2882 0.9548
vn -0.0538 0.2436 0.9684
vn -0.0510 0.2529 0.9661
vn -0.0587 0.2381 0.9695
vn -0.0490 0.2076 0.9770
vn -0.0478 0.2214 0.9740
vn 0.0161 -0.2598 -0.9655
vn 0.0466 0.0295 -0.9985
vn 0.0549 -0.0199 -0.9983
vn 0.0043 -0.3064 -0.9519
vn 0.0005 -0.2974 -0.9547
vn 0.0104 -0.2823 -0.9593
vn 0.0184 -0.3710 -0.9284
vn 0.0604 -0.2451 -0.9676
vn 0.0395 -0.2470 -0.9682
vn 0.0100 -0.3368 -0.9415
vn 0.0176 0.2078 0.9780
vn 0.0374 0.2989 0.9535
vn 0.0030 0.2071 0.9783
vn -0.0041 0.1665 0.9860
vn 0.0402 0.1313 0.9905
vn 0.0316 0.1244 0.9917
vn 0.0242 0.1195 0.9925
vn 0.0143 0.1413 0.9899
vn 0.0452 0.2583 0.9650
vn 0.0017 0.1392 0.9903
vn 0.0132 0.2065 0.9784
vn 0.0389 0.1329 0.9904
vn 0.0155 0.1941 0.9809
vn -0.0387 0.2204 0.9746
vn -0.0387 0.2190 0.9750
vn -0.0039 0.2200 0.9755
vn -0.0182 0.2163 0.9762
vn -0.0279 0.2039 0.9786
vn -0.0154 0.2026 0.9791
vn -0.0057 0.2107 0.9775
vn 0.0016 0.2200 0.9755
vn -0.0355 0.2194 0.9750
vn -0.0308 0.2208 0.9748
vn 0.0027 0.2214 0.9752
vn -0.0327 0.2180 0.9754
vn -0.0980 0.2021 0.9745
vn -0.1179 0.2239 0.9675
vn -0.0848 0.2167 0.9726
vn -0.1311 0.1440 0.9809
vn -0.1315 0.1020 0.9861
vn -0.1430 0.2170 0.9656
vn -0.1459 0.2165 0.9653
vn -0.1283 0.2355 0.9634
vn -0.1098 0.1294 0.9855
vn -0.0970 0.1736 0.9800
vn -0.1349 0.1849 0.9735
vn -0.1345 0.2287 0.9642
vn 0.0859 -0.2164 -0.9725
vn 0.1022 -0.2110 -0.9721
vn 0.1041 0.1229 -0.9869
vn 0.0663 0.0291 -0.9974
vn 0.1114 -0.2675 -0.9571
vn 0.1036 -0.2176 -0.9705
vn 0.1269 -0.2479 -0.9605
vn 0.1145 -0.2306 -0.9663
vn 0.0970 -0.1968 -0.9756
vn 0.0933 -0.2010 -0.9751
vn 0.1415 0.0287 -0.9895
vn 0.1056 -0.2332 -0.9667
vn 0.0272 -0.2074 -0.9779
vn 0.0253 -0.2132 -0.9767
vn 0.0295 -0.1631 -0.9862
vn 0.0309 -0.1767 -0.9838
vn 0.0289 -0.1966 -0.9801
vn 0.0293 -0.2058 -0.9781
vn 0.0257 -0.2072 -0.9780
vn 0.0273 -0.1995 -0.9795
vn 0.0259 -0.2137 -0.9765
vn 0.0281 -0.2060 -0.9782
vn 0.0185 -0.1789 -0.9837
vn 0.0250 -0.2117 -0.9770
vn 0.0062 -0.3943 -0.9190
vn -0.1157 -0.3305 -0.9367
vn -0.1352 -0.2003 -0.9703
vn -0.1374 -0.1182 -0.9834
vn 0.1737 -0.1266 -0.9766
vn 0.1638 -0.2486 -0.9547
vn -0.0391 0.0253 -0.9989
vn 0.0735 0.0771 -0.9943
vn -0.1208 -0.1060 -0.9870
vn 0.1213 -0.4000 -0.9085
vn 0.1402 -0.0418 -0.9892
vn -0.0870 -0.0151 -0.9961
vt 0.458899 0.639146
vt 0.448850 0.638923
vt 0.446589 0.505231
vt 0.460100 0.506166
vt 0.086778 0.979219
vt 0.045118 0.976595
vt 0.046342 0.968093
vt 0.087195 0.967060
vt 0.010653 0.078966
vt 0.011097 0.054712
vt 0.018607 0.057476
vt 0.018292 0.079335
vt 0.089700 0.007403
vt 0.031909 0.006014
vt 0.032126 0.002207
vt 0.089666 0.001835
vt 0.955915 0.881917
vt 0.946767 0.881006
vt 0.945476 0.854427
vt 0.954047 0.856114
vt 0.471418 0.055674
vt 0.461734 0.058171
vt 0.462362 0.042384
vt 0.467298 0.039957
vt 0.458883 0.032291
vt 0.461359 0.024345
vt 0.448100 0.025149
vt 0.451860 0.017370
vt 0.444238 0.023842
vt 0.449781 0.015782
vt 0.006545 0.053160
vt 0.003546 0.051933
vt 0.005045 0.033135
vt 0.009753 0.034691
vt 0.006850 0.015964
vt 0.011739 0.018882
vt 0.013474 0.004552
vt 0.019650 0.009403
vt 0.486242 0.942235
vt 0.492683 0.945953
vt 0.490433 0.961354
vt 0.484454 0.959887
vt 0.485337 0.979318
vt 0.478435 0.977816
vt 0.469129 0.990711
vt 0.462287 0.986997
vt 0.452636 0.993193
vt 0.447795 0.988157
vt 0.017225 0.936004
vt 0.021055 0.933756
vt 0.023805 0.950550
vt 0.017605 0.953967
vt 0.027689 0.961031
vt 0.022445 0.968022
vt 0.033345 0.966331
vt 0.033204 0.974853
vt 0.478829 0.886062
vt 0.477674 0.938572
vt 0.468851 0.936415
vt 0.471102 0.884712
vt 0.958504 0.948377
vt 0.958292 0.936995
vt 0.981545 0.943462
vt 0.978860 0.961065
vt 0.451357 0.064062
vt 0.450295 0.049758
vt 0.957920 0.951855
vt 0.971880 0.975724
vt 0.449191 0.042353
vt 0.951671 0.953563
vt 0.965177 0.984106
vt 0.445187 0.043831
vt 0.946080 0.953759
vt 0.953465 0.988043
vt 0.440754 0.045306
vt 0.027134 0.047376
vt 0.028579 0.060211
vt 0.021303 0.041329
vt 0.530682 0.938583
vt 0.528007 0.949138
vt 0.500137 0.963158
vt 0.498679 0.944394
vt 0.027148 0.042529
vt 0.022652 0.029966
vt 0.529060 0.955977
vt 0.507516 0.978812
vt 0.028690 0.042553
vt 0.026474 0.026218
vt 0.533403 0.958234
vt 0.518605 0.988813
vt 0.041960 0.040574
vt 0.036185 0.024472
vt 0.539734 0.958392
vt 0.527261 0.992877
vt 0.455516 0.945756
vt 0.456546 0.935365
vt 0.466592 0.950497
vt 0.951212 0.060821
vt 0.957903 0.051786
vt 0.983530 0.037798
vt 0.983632 0.052917
vt 0.463320 0.963022
vt 0.958726 0.040457
vt 0.972247 0.022906
vt 0.447685 0.970470
vt 0.446511 0.935635
vt 0.450543 0.945960
vt 0.455871 0.967015
vt 0.952889 0.040757
vt 0.961939 0.011260
vt 0.034550 0.952101
vt 0.036959 0.952333
vt 0.942657 0.047399
vt 0.951566 0.006089
vt 0.521537 0.048028
vt 0.526975 0.056397
vt 0.497052 0.052422
vt 0.498593 0.034168
vt 0.034798 0.935000
vt 0.522774 0.044583
vt 0.504142 0.017688
vt 0.525400 0.043713
vt 0.513057 0.007210
vt 0.044609 0.936673
vt 0.530886 0.048510
vt 0.523455 0.003153
vt 0.088585 0.934182
vt 0.948015 0.109920
vt 0.982372 0.107243
vt 0.452939 0.082591
vt 0.462366 0.081003
vt 0.088508 0.042302
vt 0.089922 0.025618
vt 0.922842 0.953751
vt 0.926129 0.994057
vt 0.032809 0.881681
vt 0.018874 0.882844
vt 0.530511 0.918001
vt 0.498324 0.918153
vt 0.579365 0.046711
vt 0.579513 0.001665
vt 0.527771 0.627755
vt 0.528714 0.720283
vt 0.497029 0.720527
vt 0.496707 0.628002
vt 0.026083 0.208527
vt 0.025688 0.277051
vt 0.014836 0.276945
vt 0.015899 0.208307
vt 0.006345 0.369618
vt 0.006923 0.276832
vt 0.013980 0.369742
vt 0.027333 0.112418
vt 0.027089 0.136175
vt 0.017674 0.135903
vt 0.017857 0.111991
vt 0.529680 0.825141
vt 0.530021 0.861357
vt 0.497193 0.861563
vt 0.496798 0.825448
vt 0.009017 0.171900
vt 0.010014 0.135628
vt 0.016686 0.172155
vt 0.008434 0.638769
vt 0.007495 0.505144
vt 0.014319 0.505408
vt 0.013819 0.638662
vt 0.525095 0.358924
vt 0.526650 0.492476
vt 0.496286 0.492810
vt 0.497902 0.358997
vt 0.024967 0.369675
vt 0.023972 0.505752
vt 0.457424 0.370199
vt 0.455718 0.279122
vt 0.468866 0.278871
vt 0.472190 0.369533
vt 0.950743 0.784641
vt 0.958679 0.717016
vt 0.978450 0.717125
vt 0.978622 0.785690
vt 0.473926 0.209447
vt 0.476577 0.277377
vt 0.466116 0.210398
vt 0.473001 0.505587
vt 0.473801 0.638749
vt 0.949398 0.624827
vt 0.948987 0.490151
vt 0.978606 0.490397
vt 0.977211 0.624997
vt 0.479062 0.369726
vt 0.480786 0.505426
vt 0.476985 0.111934
vt 0.476850 0.136873
vt 0.466834 0.138480
vt 0.466182 0.113599
vt 0.982670 0.860040
vt 0.983632 0.884349
vt 0.453033 0.175621
vt 0.453159 0.139568
vt 0.465157 0.174825
vt 0.482652 0.111055
vt 0.483036 0.135867
vt 0.442002 0.083941
vt 0.440888 0.064222
vt 0.446997 0.175599
vt 0.444895 0.139414
vt 0.446389 0.370471
vt 0.450900 0.277912
vt 0.944984 0.783359
vt 0.945302 0.717210
vt 0.943905 0.624764
vt 0.942236 0.490185
vt 0.943844 0.109844
vt 0.943560 0.059578
vt 0.484620 0.369534
vt 0.486985 0.505086
vt 0.480788 0.208639
vt 0.481738 0.277207
vt 0.005433 0.638789
vt 0.003563 0.504900
vt 0.003985 0.171599
vt 0.004629 0.135330
vt 0.002830 0.369509
vt 0.002930 0.276700
vt 0.488463 0.888724
vt 0.032050 0.980885
vt 0.043694 0.982914
vt 0.013036 0.956234
vt 0.018997 0.972661
vt 0.012234 0.937326
vt 0.458317 0.981138
vt 0.447521 0.983801
vt 0.471867 0.974136
vt 0.477266 0.955905
vt 0.023766 0.015080
vt 0.033054 0.013749
vt 0.017616 0.018625
vt 0.016604 0.037431
vt 0.457678 0.014192
vt 0.449990 0.010763
vt 0.464744 0.021389
vt 0.472162 0.037105
vt 0.475664 0.053651
vt 0.089712 0.011360
vt 0.005885 0.078539
vt 0.002631 0.078251
vt 0.486602 0.049243
vt 0.481100 0.032123
vt 0.472472 0.017840
vt 0.463433 0.011195
vt 0.453487 0.006562
vt 0.005916 0.937776
vt 0.007348 0.959440
vt 0.013773 0.975837
vt 0.028970 0.984602
vt 0.043886 0.986497
vt 0.494890 0.890853
vt 0.000767 0.369403
vt 0.000350 0.276579
vt 0.000268 0.171352
vt 0.000776 0.135079
vt 0.001141 0.638856
vt 0.001106 0.504834
vt 0.492525 0.208297
vt 0.493406 0.276547
vt 0.493545 0.369114
vt 0.493352 0.504704
vt 0.491937 0.108572
vt 0.492967 0.133589
vt 0.300309 0.011593
vt 0.247825 0.010750
vt 0.247766 0.008192
vt 0.300340 0.009079
vt 0.300041 0.023893
vt 0.247678 0.022373
vt 0.688282 0.953362
vt 0.739583 0.952893
vt 0.740376 0.996307
vt 0.688756 0.996803
vt 0.299656 0.045468
vt 0.247485 0.043517
vt 0.248007 0.002981
vt 0.300456 0.003113
vt 0.294064 0.997332
vt 0.240842 0.996505
vt 0.241336 0.991757
vt 0.294140 0.992932
vt 0.241935 0.983611
vt 0.294316 0.985984
vt 0.786641 0.047362
vt 0.734653 0.046226
vt 0.734601 0.002205
vt 0.786708 0.001481
vt 0.294082 0.938302
vt 0.345840 0.937654
vt 0.345581 0.977432
vt 0.294317 0.976255
vt 0.242134 0.974244
vt 0.190504 0.937398
vt 0.242157 0.937607
vt 0.189342 0.973832
vt 0.188662 0.991436
vt 0.136825 0.990386
vt 0.137436 0.982634
vt 0.189107 0.983553
vt 0.683098 0.046757
vt 0.631417 0.047364
vt 0.631449 0.000836
vt 0.683092 0.001928
vt 0.138036 0.973443
vt 0.397446 0.988680
vt 0.345913 0.989630
vt 0.396717 0.974000
vt 0.892825 0.047671
vt 0.839262 0.047023
vt 0.838968 0.001184
vt 0.893836 0.000149
vt 0.398982 0.992944
vt 0.346210 0.993203
vt 0.400095 0.996923
vt 0.346174 0.997286
vt 0.422081 0.935969
vt 0.422403 0.973167
vt 0.584120 0.954129
vt 0.636732 0.953714
vt 0.637189 0.996225
vt 0.583819 0.994015
vt 0.195950 0.009476
vt 0.144256 0.008574
vt 0.144137 0.006285
vt 0.195913 0.007023
vt 0.195895 0.025519
vt 0.144283 0.028236
vt 0.196014 0.042313
vt 0.144132 0.041698
vt 0.143986 0.001928
vt 0.195796 0.003168
vt 0.402354 0.004919
vt 0.353087 0.009238
vt 0.353568 0.001342
vt 0.403746 0.001322
vt 0.398811 0.046224
vt 0.351418 0.047604
vt 0.352164 0.024597
vt 0.400057 0.021072
vt 0.352816 0.011790
vt 0.401891 0.008979
vt 0.792450 0.952789
vt 0.846088 0.952620
vt 0.846290 0.996238
vt 0.793037 0.995425
vt 0.583119 0.824786
vt 0.582336 0.860724
vt 0.535563 0.861336
vt 0.535261 0.825126
vt 0.583659 0.917749
vt 0.583805 0.942397
vt 0.538540 0.944956
vt 0.535865 0.917994
vt 0.579602 0.054153
vt 0.531411 0.055569
vt 0.893212 0.058762
vt 0.891836 0.164782
vt 0.838486 0.163840
vt 0.838842 0.058703
vt 0.581140 0.492241
vt 0.582421 0.720006
vt 0.533761 0.627779
vt 0.688265 0.917825
vt 0.688267 0.941235
vt 0.636710 0.941634
vt 0.636461 0.917460
vt 0.682926 0.054780
vt 0.631361 0.053060
vt 0.687535 0.787359
vt 0.687483 0.860320
vt 0.635901 0.860814
vt 0.635366 0.788212
vt 0.684601 0.491569
vt 0.686316 0.719128
vt 0.634807 0.719481
vt 0.633063 0.491750
vt 0.791894 0.917044
vt 0.792296 0.941103
vt 0.739640 0.940750
vt 0.739494 0.917998
vt 0.786827 0.056189
vt 0.734509 0.055584
vt 0.194702 0.082015
vt 0.143128 0.080837
vt 0.294369 0.884555
vt 0.242280 0.884901
vt 0.296903 0.210479
vt 0.295673 0.278415
vt 0.244788 0.278222
vt 0.245218 0.209949
vt 0.296758 0.370477
vt 0.296602 0.505319
vt 0.244204 0.505081
vt 0.244467 0.370297
vt 0.193835 0.209789
vt 0.192911 0.277919
vt 0.141138 0.277576
vt 0.141656 0.209166
vt 0.192610 0.370277
vt 0.192377 0.505485
vt 0.140389 0.505092
vt 0.140619 0.370028
vt 0.398281 0.085694
vt 0.350009 0.084716
vt 0.191062 0.884057
vt 0.139556 0.936450
vt 0.140526 0.883171
vt 0.087310 0.369918
vt 0.087344 0.505271
vt 0.032281 0.505193
vt 0.033064 0.369871
vt 0.089270 0.882252
vt 0.041493 0.882213
vt 0.448314 0.049701
vt 0.421895 0.139768
vt 0.420184 0.085172
vt 0.035650 0.112054
vt 0.034779 0.136042
vt 0.298550 0.083308
vt 0.349388 0.140000
vt 0.297422 0.139173
vt 0.089052 0.080272
vt 0.037728 0.057436
vt 0.033844 0.208319
vt 0.033348 0.277016
vt 0.028594 0.047410
vt 0.246703 0.083236
vt 0.397545 0.883662
vt 0.396996 0.936747
vt 0.346414 0.883925
vt 0.399381 0.211343
vt 0.399477 0.278090
vt 0.349383 0.278546
vt 0.349308 0.210943
vt 0.400724 0.370939
vt 0.399301 0.504491
vt 0.349345 0.505626
vt 0.349443 0.370339
vt 0.142576 0.137108
vt 0.088404 0.136681
vt 0.534502 0.720259
vt 0.922760 0.937229
vt 0.947501 0.936637
vt 0.845693 0.941401
vt 0.788051 0.491136
vt 0.789971 0.718116
vt 0.737762 0.718722
vt 0.735900 0.491348
vt 0.897530 0.912774
vt 0.898515 0.938528
vt 0.845091 0.915339
vt 0.790397 0.786841
vt 0.791094 0.859231
vt 0.738929 0.859863
vt 0.738335 0.787396
vt 0.952239 0.947982
vt 0.532055 0.358987
vt 0.532575 0.492516
vt 0.915476 0.259587
vt 0.917961 0.490268
vt 0.893177 0.490414
vt 0.892755 0.259722
vt 0.579761 0.260613
vt 0.631181 0.260458
vt 0.682764 0.260305
vt 0.734561 0.259508
vt 0.952547 0.051857
vt 0.535660 0.885272
vt 0.530336 0.885413
vt 0.194293 0.137810
vt 0.028241 0.079721
vt 0.037131 0.079409
vt 0.921380 0.853872
vt 0.922256 0.911127
vt 0.896122 0.856093
vt 0.489721 0.075531
vt 0.478428 0.078314
vt 0.001678 0.111010
vt 0.005271 0.111304
vt 0.010266 0.111691
vt 0.452966 0.115539
vt 0.473621 0.079169
vt 0.955909 0.914756
vt 0.981883 0.917252
vt 0.497668 0.885528
vt 0.946563 0.913097
vt 0.913955 0.165226
vt 0.918307 0.059507
vt 0.786907 0.163209
vt 0.734901 0.163288
vt 0.682915 0.163786
vt 0.525437 0.107932
vt 0.531623 0.107187
vt 0.531443 0.163962
vt 0.525629 0.164102
vt 0.400092 0.735407
vt 0.398060 0.828572
vt 0.346181 0.830556
vt 0.348730 0.734802
vt 0.034151 0.735767
vt 0.039615 0.786607
vt 0.026236 0.735529
vt 0.088368 0.785559
vt 0.140022 0.734280
vt 0.140563 0.828546
vt 0.191764 0.732446
vt 0.191611 0.829391
vt 0.295931 0.734168
vt 0.295188 0.830003
vt 0.241852 0.830210
vt 0.242321 0.734206
vt 0.002730 0.885239
vt 0.000793 0.831229
vt 0.005529 0.830839
vt 0.007384 0.884565
vt 0.492099 0.737889
vt 0.492123 0.833982
vt 0.486358 0.832691
vt 0.486496 0.737322
vt 0.478355 0.830985
vt 0.479024 0.736702
vt 0.007516 0.830534
vt 0.008848 0.884120
vt 0.923584 0.219648
vt 0.919464 0.215380
vt 0.457541 0.884051
vt 0.460713 0.829710
vt 0.472449 0.829255
vt 0.495184 0.164156
vt 0.495930 0.108045
vt 0.017074 0.829764
vt 0.029994 0.829025
vt 0.014659 0.736181
vt 0.948071 0.259382
vt 0.947488 0.209645
vt 0.978022 0.258814
vt 0.471786 0.737387
vt 0.448521 0.884132
vt 0.452125 0.829939
vt 0.893996 0.718878
vt 0.895762 0.784789
vt 0.843077 0.786065
vt 0.844252 0.718873
vt 0.535149 0.783639
vt 0.529325 0.788930
vt 0.398628 0.175310
vt 0.348869 0.175334
vt 0.033954 0.172303
vt 0.026679 0.172435
vt 0.193767 0.173558
vt 0.141943 0.173150
vt 0.296691 0.174786
vt 0.245464 0.174424
vt 0.492503 0.171419
vt 0.478985 0.173708
vt 0.000147 0.207737
vt 0.003471 0.207909
vt 0.008091 0.208116
vt 0.473280 0.174369
vt 0.952685 0.821073
vt 0.945835 0.820537
vt 0.423258 0.278199
vt 0.421156 0.212646
vt 0.458326 0.212110
vt 0.980994 0.822467
vt 0.496745 0.789191
vt 0.087521 0.277643
vt 0.051717 0.277237
vt 0.920233 0.717175
vt 0.419944 0.046324
vt 0.038234 0.828938
vt 0.088689 0.828348
vt 0.948462 0.165353
vt 0.944638 0.165308
vt 0.979961 0.163563
vt 0.423102 0.829494
vt 0.422951 0.883833
vt 0.579634 0.163188
vt 0.423722 0.370234
vt 0.915468 0.782186
vt 0.786505 0.259885
vt 0.838320 0.259993
vt 0.840165 0.490679
vt 0.920631 0.820025
vt 0.918125 0.047647
vt 0.898911 0.953517
vt 0.424568 0.505519
vt 0.426995 0.010384
vt 0.428254 0.005673
vt 0.423252 0.022315
vt 0.429506 0.001996
vt 0.427300 0.994984
vt 0.423260 0.991178
vt 0.421477 0.987042
vt 0.922828 0.000147
vt 0.898400 0.994680
vt 0.582921 0.788579
vt 0.087624 0.208780
vt 0.088141 0.172659
vt 0.088005 0.734836
vt 0.546801 0.720187
vt 0.116154 0.244051
vt 0.087572 0.243266
vt 0.085728 0.990673
vt 0.086489 0.984335
vt 0.843392 0.858601
vt 0.245941 0.138448
vt 0.188502 0.996489
vt 0.942748 0.357160
vt 0.349009 0.638224
vt 0.296092 0.638253
vt 0.243895 0.637902
vt 0.191915 0.638185
vt 0.531390 0.260741
vt 0.140390 0.637797
vt 0.087417 0.641446
vt 0.424796 0.637216
vt 0.401720 0.637075
vt 0.480426 0.639306
vt 0.947105 0.357066
vt 0.978321 0.356881
vt 0.023989 0.638279
vt 0.487273 0.639317
vt 0.492591 0.639298
vt 0.031633 0.638243
vt 0.944158 0.259456
vt 0.525488 0.260793
vt 0.001444 0.736247
vt 0.005186 0.736465
vt 0.007511 0.736344
vt 0.461926 0.736179
vt 0.495828 0.260796
vt 0.452761 0.736137
vt 0.528281 0.208514
vt 0.535496 0.208177
vt 0.631313 0.164446
vt 0.579638 0.209626
vt 0.424127 0.735662
vt 0.421948 0.175728
vt 0.398734 0.140025
vt 0.052385 0.172403
vt 0.536439 0.788680
vt 0.536264 0.793648
vt 0.933672 0.717191
vt 0.933527 0.820047
vt 0.995140 0.441223
vt 0.984202 0.441223
vt 0.984202 0.411649
vt 0.995139 0.411649
vt 0.984203 0.396290
vt 0.995139 0.396290
vt 0.984203 0.390919
vt 0.995139 0.390919
vt 0.984203 0.381926
vt 0.995140 0.381926
vt 0.984203 0.375446
vt 0.995140 0.375446
vt 0.984204 0.371218
vt 0.995140 0.371218
vt 0.984204 0.365383
vt 0.995139 0.365383
vt 0.984204 0.354240
vt 0.995137 0.354240
vt 0.995138 0.484889
vt 0.984198 0.484889
vt 0.984201 0.465079
vt 0.995139 0.465079
vt 0.984202 0.453404
vt 0.995140 0.453404
vt 0.984202 0.446924
vt 0.995140 0.446924
vt 0.985168 0.614896
vt 0.996322 0.614896
vt 0.996322 0.623485
vt 0.985168 0.623485
vt 0.996322 0.631623
vt 0.985168 0.631623
vt 0.985160 0.518100
vt 0.996338 0.518100
vt 0.996334 0.530805
vt 0.985162 0.530805
vt 0.996332 0.538245
vt 0.985164 0.538245
vt 0.996330 0.545946
vt 0.985165 0.545946
vt 0.996329 0.553002
vt 0.985167 0.553002
vt 0.996328 0.560058
vt 0.985168 0.560058
vt 0.996325 0.572715
vt 0.985170 0.572715
vt 0.996325 0.575405
vt 0.985170 0.575405
vt 0.996323 0.588062
vt 0.985169 0.588062
vt 0.996322 0.593766
vt 0.985168 0.593766
vt 0.984976 0.245746
vt 0.984976 0.228335
vt 0.995223 0.228335
vt 0.995223 0.245746
vt 0.984976 0.222427
vt 0.995223 0.222427
vt 0.984979 0.339910
vt 0.984979 0.333301
vt 0.995223 0.333301
vt 0.995223 0.339910
vt 0.984978 0.318598
vt 0.995224 0.318598
vt 0.984977 0.310373
vt 0.995223 0.310373
vt 0.984977 0.300800
vt 0.995223 0.300800
vt 0.984976 0.290221
vt 0.995223 0.290221
vt 0.984976 0.280728
vt 0.995223 0.280728
vt 0.984976 0.272471
vt 0.995223 0.272471
vt 0.984976 0.263006
vt 0.995223 0.263006
vt 0.984976 0.253433
vt 0.995223 0.253433
vt 0.443476 0.798046
vt 0.437475 0.800437
vt 0.985169 0.747683
vt 0.985169 0.736863
vt 0.994991 0.736955
vt 0.994991 0.747906
vt 0.985169 0.758385
vt 0.994991 0.758769
vt 0.985169 0.769508
vt 0.994991 0.769746
vt 0.985169 0.780724
vt 0.994991 0.780904
vt 0.985169 0.658953
vt 0.985169 0.647536
vt 0.994991 0.647536
vt 0.994991 0.658953
vt 0.985169 0.670183
vt 0.994991 0.670183
vt 0.985169 0.680975
vt 0.994991 0.681222
vt 0.985169 0.692002
vt 0.994991 0.692383
vt 0.985169 0.703266
vt 0.994991 0.703434
vt 0.985169 0.714677
vt 0.994991 0.714515
vt 0.985169 0.725778
vt 0.994991 0.725790
vt 0.985169 0.725905
vt 0.460524 0.787439
vt 0.432087 0.776549
vt 0.427590 0.781015
vt 0.423748 0.765102
vt 0.427146 0.793310
vt 0.422967 0.809416
vt 0.424968 0.787126
vt 0.919268 0.215179
vt 0.136690 0.995148
vt 0.443900 0.776723
vt 0.438059 0.774157
vt 0.432718 0.777441
vt 0.428510 0.781609
vt 0.428087 0.792745
vt 0.432110 0.797019
vt 0.431469 0.797893
vt 0.449314 0.787462
vt 0.447265 0.781874
vt 0.448134 0.781312
vt 0.450394 0.787481
vt 0.438069 0.775291
vt 0.426131 0.787145
vt 0.447060 0.792992
vt 0.447905 0.793581
vt 0.437521 0.799306
vt 0.442920 0.797156
vt 0.443313 0.777595
vt 0.920178 0.214614
vt 0.920224 0.214661
vt 0.940767 0.209358
vt 0.938606 0.203708
vt 0.939457 0.203149
vt 0.941810 0.209376
vt 0.938499 0.214714
vt 0.939319 0.215301
vt 0.929436 0.197157
vt 0.924137 0.199233
vt 0.923532 0.198354
vt 0.929432 0.196037
vt 0.924199 0.218776
vt 0.934561 0.199379
vt 0.935138 0.198515
vt 0.918067 0.209152
vt 0.916945 0.209150
vt 0.934443 0.218822
vt 0.934992 0.219698
vt 0.929351 0.220948
vt 0.929320 0.222068
vt 0.920057 0.203465
vt 0.919149 0.202899
vt 0.447920 0.211965
vt 0.446397 0.206136
vt 0.447418 0.205613
vt 0.449074 0.212112
vt 0.436252 0.200371
vt 0.430393 0.202009
vt 0.429937 0.201087
vt 0.436332 0.199306
vt 0.430722 0.222509
vt 0.436577 0.223960
vt 0.436663 0.225036
vt 0.430281 0.223450
vt 0.424679 0.212377
vt 0.426368 0.218287
vt 0.425541 0.218835
vt 0.423708 0.212383
vt 0.446543 0.217832
vt 0.447560 0.218371
vt 0.442111 0.201865
vt 0.442732 0.200943
vt 0.426099 0.206425
vt 0.425264 0.205896
vt 0.442360 0.222268
vt 0.442970 0.223195
vt 0.453013 0.212398
vt 0.054676 0.220613
vt 0.059859 0.219188
vt 0.060401 0.220132
vt 0.054685 0.221703
vt 0.065034 0.210019
vt 0.063639 0.204729
vt 0.064568 0.204183
vt 0.066106 0.210018
vt 0.045674 0.204752
vt 0.044292 0.210044
vt 0.043235 0.210045
vt 0.044758 0.204209
vt 0.054649 0.199447
vt 0.049464 0.200872
vt 0.048937 0.199928
vt 0.054655 0.198357
vt 0.049487 0.219202
vt 0.048962 0.220148
vt 0.063650 0.215311
vt 0.064581 0.215855
vt 0.059838 0.200859
vt 0.060378 0.199913
vt 0.045685 0.215332
vt 0.044770 0.215878
vt 0.067641 0.780889
vt 0.063855 0.777292
vt 0.064227 0.776326
vt 0.068402 0.780305
vt 0.058757 0.776100
vt 0.058605 0.775007
vt 0.049036 0.786696
vt 0.050546 0.791754
vt 0.049595 0.792301
vt 0.047925 0.786703
vt 0.059414 0.796533
vt 0.064394 0.794976
vt 0.064866 0.795866
vt 0.059365 0.797584
vt 0.069144 0.785951
vt 0.070128 0.785897
vt 0.050327 0.781419
vt 0.049292 0.780885
vt 0.053772 0.777660
vt 0.053103 0.776727
vt 0.054346 0.795355
vt 0.053778 0.796280
vt 0.067953 0.791107
vt 0.068812 0.791593
vt 0.559059 0.208867
vt 0.557732 0.203691
vt 0.558692 0.203172
vt 0.560160 0.208893
vt 0.540456 0.203686
vt 0.539435 0.208708
vt 0.538479 0.208725
vt 0.539534 0.203194
vt 0.549109 0.198441
vt 0.544104 0.199864
vt 0.543613 0.198952
vt 0.549147 0.197374
vt 0.544042 0.217700
vt 0.549510 0.219257
vt 0.549546 0.220371
vt 0.543541 0.218662
vt 0.557695 0.214038
vt 0.558654 0.214612
vt 0.554067 0.199891
vt 0.554639 0.198969
vt 0.540398 0.213814
vt 0.539434 0.214345
vt 0.554073 0.217773
vt 0.554647 0.218740
vt 0.559848 0.787313
vt 0.558484 0.782010
vt 0.559408 0.781466
vt 0.560912 0.787316
vt 0.540674 0.781958
vt 0.539282 0.787248
vt 0.537824 0.787563
vt 0.539357 0.781713
vt 0.549592 0.776686
vt 0.544446 0.778091
vt 0.543928 0.777144
vt 0.549602 0.775594
vt 0.544395 0.796445
vt 0.549535 0.797881
vt 0.549539 0.798974
vt 0.543871 0.797389
vt 0.558457 0.792608
vt 0.559378 0.793157
vt 0.554730 0.778120
vt 0.555268 0.777175
vt 0.540642 0.792552
vt 0.539733 0.793095
vt 0.554682 0.796477
vt 0.555215 0.797424
vt 0.920895 0.776861
vt 0.919305 0.782442
vt 0.918356 0.782436
vt 0.920090 0.776311
vt 0.930508 0.771778
vt 0.924979 0.772969
vt 0.924559 0.772018
vt 0.930614 0.770680
vt 0.924692 0.792371
vt 0.930183 0.794175
vt 0.930257 0.795230
vt 0.924239 0.793282
vt 0.939750 0.789231
vt 0.941326 0.783718
vt 0.942466 0.783715
vt 0.940737 0.789757
vt 0.936002 0.773583
vt 0.936632 0.772631
vt 0.920663 0.788097
vt 0.919847 0.788619
vt 0.935684 0.793039
vt 0.936284 0.793949
vt 0.939977 0.777954
vt 0.940986 0.777399
s 1
f 469/1/1 473/2/2 215/3/3 93/4/4
f 386/5/5 117/6/6 73/7/7 382/8/8
f 327/9/9 103/10/10 46/11/11 313/12/12
f 390/13/13 138/14/14 54/15/15 387/16/16
f 242/17/17 249/18/18 227/19/19 97/20/20
f 98/21/21 37/22/22 38/23/23 99/24/24
f 99/24/24 38/23/23 40/25/25 100/26/26
f 100/26/26 40/25/25 42/27/27 101/28/28
f 101/28/28 42/27/27 44/29/29 102/30/30
f 128/31/31 47/32/32 48/33/33 135/34/34
f 135/34/34 48/33/33 50/35/35 136/36/36
f 136/36/36 50/35/35 52/37/37 137/38/38
f 137/38/38 52/37/37 54/15/15 138/14/14
f 129/39/39 57/40/40 58/41/41 139/42/42
f 139/42/42 58/41/41 60/43/43 140/44/44
f 140/44/44 60/43/43 62/45/45 141/46/46
f 141/46/46 62/45/45 64/47/47 142/48/48
f 113/49/49 67/50/50 68/51/51 114/52/52
f 114/52/52 68/51/51 69/53/53 115/54/54
f 115/54/54 69/53/53 71/55/55 116/56/56
f 116/56/56 71/55/55 73/7/7 117/6/6
f 348/57/57 108/58/58 56/59/59 346/60/60
f 13/61/61 11/62/62 36/63/63 35/64/64
f 2/65/65 5/66/66 38/23/23 37/22/22
f 14/67/67 13/61/61 35/64/64 39/68/68
f 5/66/66 4/69/69 40/25/25 38/23/23
f 15/70/70 14/67/67 39/68/68 41/71/71
f 4/69/69 3/72/72 42/27/27 40/25/25
f 12/73/73 15/70/70 41/71/71 43/74/74
f 3/72/72 1/75/75 44/29/29 42/27/27
f 8/76/76 6/77/77 46/11/11 45/78/78
f 17/79/79 20/80/80 48/81/33 47/82/32
f 9/83/81 8/76/76 45/78/78 49/84/82
f 20/80/80 19/85/83 50/86/35 48/81/33
f 10/87/84 9/83/81 49/84/82 51/88/85
f 19/85/83 18/89/86 52/90/37 50/86/35
f 7/91/87 10/87/84 51/88/85 53/92/88
f 18/89/86 16/93/89 54/94/15 52/90/37
f 22/95/90 21/96/91 56/59/59 55/97/92
f 26/98/93 29/99/94 58/100/41 57/101/40
f 22/95/90 55/97/92 59/102/95
f 29/99/94 28/103/96 60/104/43 58/100/41
f 63/105/97 200/106/98 201/107/99 61/108/100
f 28/103/96 27/109/101 62/110/45 60/104/43
f 24/111/102 203/112/103 71/55/55 69/53/53
f 27/109/101 25/113/104 64/114/47 62/110/45
f 32/115/105 30/116/106 66/117/107 65/118/108
f 23/119/109 24/111/102 68/51/51 67/50/50
f 33/120/110 32/115/105 65/118/108 131/121/111
f 24/111/102 69/53/53 68/51/51
f 34/122/112 33/120/110 131/121/111 70/123/113
f 203/112/103 202/124/114 73/7/7 71/55/55
f 31/125/115 34/122/112 70/123/113 72/126/116
f 397/127/117 382/8/8 73/7/7 202/124/114
f 335/128/118 26/98/93 57/101/40 334/129/119
f 315/130/120 2/65/65 37/22/22 312/131/121
f 383/132/122 7/91/87 53/92/88 381/133/123
f 543/134/124 12/73/73 43/74/74 541/135/125
f 344/136/126 23/119/109 67/50/50 342/137/127
f 317/138/128 17/79/79 47/82/32 314/139/129
f 385/140/130 31/125/115 72/126/116 384/141/131
f 296/142/132 77/143/133 75/144/134 294/145/135
f 274/146/136 76/147/137 74/148/138 272/149/139
f 302/150/140 118/151/141 74/148/138 293/152/142
f 239/153/143 80/154/144 78/155/145 236/156/146
f 520/157/147 81/158/148 79/159/149 518/160/150
f 530/161/151 119/162/152 78/155/145 517/163/153
f 477/164/154 120/165/155 82/166/156 464/167/157
f 467/168/158 85/169/159 83/170/160 465/171/161
f 295/172/162 84/173/163 82/166/156 293/152/142
f 298/174/164 89/175/165 87/176/166 297/177/167
f 277/178/168 88/179/169 86/180/170 276/181/171
f 280/182/172 121/183/173 87/176/166 278/184/174
f 469/1/1 93/4/4 92/185/175 468/186/176
f 300/187/177 91/188/178 90/189/179 299/190/180
f 301/191/181 122/192/182 92/185/175 297/177/167
f 243/193/183 123/194/184 94/195/185 235/196/186
f 242/17/17 97/20/20 96/197/187 241/198/188
f 522/199/189 95/200/190 94/195/185 521/201/191
f 246/202/192 149/203/193 123/194/184 243/193/183
f 315/130/120 321/204/194 205/205/195 2/65/65
f 522/199/189 526/206/196 214/207/197 95/200/190
f 298/174/164 309/208/198 213/209/199 89/175/165
f 277/178/168 292/210/200 225/211/201 88/179/169
f 300/187/177 311/212/202 224/213/203 91/188/178
f 335/128/118 341/214/204 229/215/205 26/98/93
f 304/216/206 148/217/207 122/192/182 301/191/181
f 283/218/208 147/219/209 121/183/173 280/182/172
f 478/220/210 146/221/211 120/165/155 477/164/154
f 531/222/212 145/223/213 119/162/152 530/161/151
f 303/224/214 144/225/215 118/151/141 302/150/140
f 349/226/216 129/39/39 108/58/58 348/57/57
f 132/227/217 116/56/56 117/6/6 133/228/218
f 130/229/219 114/52/52 115/54/54 788/230/220
f 143/231/221 113/49/49 114/52/52 130/229/219
f 61/108/100 111/232/222 112/233/223 63/105/97
f 59/102/95 110/234/224 111/232/222 61/108/100
f 55/97/92 109/235/225 110/234/224 59/102/95
f 56/59/59 108/58/58 109/235/225 55/97/92
f 51/88/85 106/236/226 107/237/227 53/92/88
f 49/84/82 105/238/228 106/236/226 51/88/85
f 45/78/78 104/239/229 105/238/228 49/84/82
f 46/11/11 103/10/10 104/239/229 45/78/78
f 126/240/230 101/28/28 102/30/30 127/241/231
f 125/242/232 100/26/26 101/28/28 126/240/230
f 124/243/233 99/24/24 100/26/26 125/242/232
f 134/244/234 98/21/21 99/24/24 124/243/233
f 381/133/123 53/92/88 107/237/227 389/245/235
f 328/246/236 128/31/31 103/10/10 327/9/9
f 314/247/129 47/32/32 128/31/31 328/246/236
f 36/248/63 134/244/234 124/243/233 35/249/64
f 35/249/64 124/243/233 125/242/232 39/250/68
f 39/250/68 125/242/232 126/240/230 41/251/71
f 41/251/71 126/240/230 127/241/231 43/252/74
f 66/253/107 143/231/221 130/229/219 65/254/108
f 131/255/111 788/230/220 132/227/217 70/256/113
f 70/256/113 132/227/217 133/228/218 72/257/116
f 334/258/119 57/40/40 129/39/39 349/226/216
f 294/259/135 75/260/134 144/225/215 303/224/214
f 518/261/150 79/262/149 145/223/213 531/222/212
f 465/263/161 83/264/160 146/221/211 478/220/210
f 276/265/171 86/266/170 147/219/209 283/218/208
f 299/267/180 90/268/179 148/217/207 304/216/206
f 241/269/188 96/270/187 149/203/193 246/202/192
f 111/232/222 141/46/46 142/48/48 112/233/223
f 110/234/224 140/44/44 141/46/46 111/232/222
f 109/235/225 139/42/42 140/44/44 110/234/224
f 108/58/58 129/39/39 139/42/42 109/235/225
f 106/236/226 137/38/38 138/14/14 107/237/227
f 105/238/228 136/36/36 137/38/38 106/236/226
f 104/239/229 135/34/34 136/36/36 105/238/228
f 103/10/10 128/31/31 135/34/34 104/239/229
f 389/245/235 107/237/227 138/14/14 390/13/13
f 445/271/237 154/272/238 155/273/239 446/274/240
f 436/275/241 150/276/242 154/272/238 445/271/237
f 409/277/243 153/278/244 151/279/245 408/280/246
f 437/281/247 152/282/248 150/276/242 436/275/241
f 446/274/240 155/273/239 151/283/245 443/284/249
f 439/285/250 157/286/251 160/287/252 442/288/253
f 442/288/253 160/287/252 159/289/254 441/290/255
f 440/291/256 158/292/257 157/293/251 439/294/250
f 453/295/258 210/296/259 169/297/260 438/298/261
f 441/290/255 159/289/254 156/299/262 438/298/261
f 425/300/263 211/301/264 156/299/262 416/302/265
f 415/303/266 164/304/267 163/305/268 414/306/269
f 413/307/270 162/308/271 686/309/272 412/310/273
f 414/306/269 163/305/268 161/311/274 416/302/265
f 358/312/275 167/313/276 169/297/260 361/314/277
f 356/315/278 166/316/279 165/317/280 354/318/281
f 359/319/282 168/320/283 167/313/276 358/312/275
f 354/321/281 165/322/280 168/320/283 359/319/282
f 549/323/284 200/106/98 63/105/97 557/324/285
f 388/325/286 173/326/287 172/327/288 387/328/16
f 410/329/289 174/330/290 175/331/291 411/332/292
f 417/333/293 170/334/294 174/330/290 410/329/289
f 418/335/295 171/336/296 170/334/294 417/333/293
f 411/332/292 175/331/291 172/337/288 408/338/246
f 360/339/297 179/340/298 176/341/299 353/342/300
f 363/343/301 181/344/302 180/345/303 362/346/304
f 362/346/304 180/345/303 178/347/305 357/348/306
f 357/348/306 178/347/305 179/340/298 360/339/297
f 444/349/307 177/350/308 176/351/299 443/352/249
f 538/353/309 393/354/310 217/355/311 527/356/312
f 406/357/313 398/358/314 223/359/315 324/360/316
f 385/140/130 399/361/317 228/362/318 31/125/115
f 372/363/319 373/364/320 263/365/321 230/366/322
f 391/367/323 392/368/324 310/369/325
f 434/370/326 426/371/327 222/372/328 323/373/329
f 413/307/270 427/374/330 232/375/331 162/308/271
f 431/376/332 421/377/333 184/378/334 284/379/335
f 419/380/336 420/381/337 183/382/338 182/383/339
f 462/384/340 454/385/341 221/386/342 329/387/343
f 440/291/256 455/388/344 231/389/345 158/292/257
f 433/390/346 331/391/347 171/336/296 418/335/295
f 463/392/348 453/295/258 211/301/264 350/393/349
f 458/394/350 451/395/351 195/396/352 288/397/353
f 460/398/354 450/399/355 196/400/356 306/401/357
f 430/402/358 423/403/359 198/404/360 289/405/361
f 432/406/362 424/407/363 197/408/364 307/409/365
f 363/343/301 378/410/366 330/411/367 181/344/302
f 435/412/368 425/300/263 212/413/369 340/414/370
f 404/415/371 394/416/372 207/417/373 308/418/374
f 407/419/375 397/127/117 202/124/114 338/420/376
f 201/107/99 200/106/98 21/96/91 22/95/90
f 23/119/109 202/124/114 203/112/103 24/111/102
f 5/66/66 204/421/377 3/72/72 4/69/69
f 2/65/65 205/205/195 204/421/377 5/66/66
f 204/421/377 205/205/195 1/75/75 3/72/72
f 321/204/194 214/207/197 551/422/378 565/423/379
f 239/153/143 247/424/380 209/425/381 80/154/144
f 461/426/382 330/411/367 193/427/383 452/428/384
f 383/132/122 405/429/385 208/430/386
f 338/420/376 202/124/114 23/119/109 344/136/126
f 290/431/387 206/432/388 76/147/137 274/146/136
f 308/418/374 207/417/373 84/173/163 295/172/162
f 7/91/87 208/430/386 216/433/389 10/87/84
f 152/282/248 320/434/390 433/390/346 418/335/295
f 380/435/391 364/436/392 210/296/259 339/437/393
f 376/438/394 365/439/395 192/440/396 287/441/397
f 377/442/398 367/443/399 191/444/400 305/445/401
f 405/429/385 331/391/347 199/446/402 396/447/403
f 10/87/84 216/433/389 8/76/76 9/83/81
f 216/433/389 208/430/386 6/77/77 8/76/76
f 324/360/316 223/359/315 17/79/79 317/138/128
f 31/125/115 228/362/318 30/116/106
f 527/356/312 217/355/311 81/158/148 520/157/147
f 310/369/325 218/448/404 77/143/133 296/142/132
f 398/358/314 222/372/328 173/326/287 388/325/286
f 426/371/327 221/386/342 153/278/244 409/277/243
f 555/449/405 226/450/406 12/73/73 543/134/124
f 454/385/341 220/451/407 177/350/308 444/349/307
f 447/452/408 448/453/409 186/454/410 185/455/411
f 379/456/412 370/457/413 220/451/407 322/458/414
f 356/315/278 372/363/319 230/366/322 166/316/279
f 459/459/415 449/460/416 187/461/417 285/462/418
f 12/73/73 226/450/406 233/463/419 15/70/70
f 467/168/158 474/464/420 219/465/421 85/169/159
f 538/353/309 184/378/334 393/354/310
f 569/466/422 553/467/423 368/468/424 510/469/425
f 512/470/426 504/471/427 182/383/339 391/367/323
f 514/472/428 495/473/429 185/455/411 419/380/336
f 26/98/93 229/215/205 234/474/430 29/99/94
f 18/89/86 223/359/315 16/93/89
f 223/359/315 19/85/83 20/80/80
f 15/70/70 233/463/419 13/61/61 14/67/67
f 233/463/419 226/450/406 11/62/62 13/61/61
f 29/99/94 234/474/430 27/109/101 28/103/96
f 234/474/430 229/215/205 25/113/104 27/109/101
f 462/384/340 329/387/343 187/461/417 449/460/416
f 217/355/311 248/475/431 240/476/432 81/158/148
f 433/390/346 422/477/433 199/446/402 331/391/347
f 316/478/434 332/479/435 247/424/380 239/153/143
f 434/370/326 323/373/329 184/378/334 421/377/333
f 406/357/313 248/475/431 393/354/310
f 556/480/436 566/481/437 379/456/412 371/482/438
f 325/483/439 241/269/188 246/202/192 319/484/440
f 79/262/149 237/485/441 245/486/442 145/223/213
f 145/223/213 245/486/442 244/487/443 119/162/152
f 95/200/190 214/207/197 238/488/444
f 319/484/440 246/202/192 243/193/183 318/489/445
f 326/490/446 242/17/17 241/198/188 325/491/439
f 318/489/445 243/193/183 235/196/186 312/131/121
f 316/478/434 239/153/143 236/156/146 313/12/12
f 81/158/148 240/476/432 237/492/441 79/159/149
f 95/200/190 238/488/444 235/196/186 94/195/185
f 326/490/446 333/493/447 249/18/18 242/17/17
f 119/162/152 244/487/443 236/156/146 78/155/145
f 341/214/204 561/494/448 560/495/449
f 455/388/344 230/366/322 263/365/321 456/496/450
f 427/374/330 231/389/345 271/497/451 428/498/452
f 345/499/453 352/500/454 269/501/455 255/502/456
f 509/503/457 374/504/458 266/505/459 492/506/460
f 491/507/461 627/508/462 498/509/463
f 626/510/464 493/511/465 267/512/466
f 513/513/467 429/514/468 267/512/466 493/511/465
f 515/515/469 457/516/470 264/517/471 506/518/472
f 343/519/473 253/520/474 261/521/475 337/522/476
f 487/523/477 250/524/478 260/525/479 503/526/480
f 503/526/480 260/525/479 259/527/481 502/528/482
f 337/522/476 261/521/475 258/529/483 336/530/484
f 703/531/485 569/466/422 711/532/486
f 347/533/487 257/534/488 256/535/489 346/60/60
f 345/499/453 255/502/456 253/536/474 343/537/473
f 336/530/484 258/529/483 252/538/490 342/137/127
f 498/509/463 254/539/491 252/538/490 496/540/492
f 488/541/493 683/542/494 487/543/477
f 502/528/482 259/527/481 256/535/489 500/544/495
f 347/533/487 351/545/496 268/546/497 257/534/488
f 369/547/498 375/548/499 286/549/500 189/550/501
f 218/448/404 685/551/502 275/552/503 77/143/133
f 536/553/504 376/438/394 287/441/397 532/554/505
f 534/555/506 290/431/387 274/146/136 519/556/507
f 539/557/508 430/402/358 289/405/361 533/558/509
f 540/559/510 458/394/350 288/397/353 525/560/511
f 448/453/409 459/459/415 285/462/418 186/454/410
f 420/381/337 431/376/332 284/379/335 183/382/338
f 528/561/512 276/265/171 283/218/208 524/562/513
f 75/260/134 273/563/514 282/564/515 144/225/215
f 144/225/215 282/564/515 281/565/516 118/151/141
f 524/562/513 283/218/208 280/182/172 523/566/517
f 529/567/518 535/568/519 292/210/200 277/178/168
f 550/569/520 365/439/395 376/438/394 725/570/521
f 89/175/165 279/571/522 278/184/174 87/176/166
f 523/566/517 280/182/172 278/184/174 521/201/191
f 529/567/518 277/178/168 276/181/171 528/572/512
f 118/151/141 281/565/516 272/149/139 74/148/138
f 77/143/133 275/552/503 273/573/514 75/144/134
f 519/556/507 274/146/136 272/149/139 517/163/153
f 219/465/421 310/369/325 296/142/132 85/169/159
f 365/439/395 377/442/398 305/445/401 192/440/396
f 206/432/388 308/418/374 295/172/162 76/147/137
f 395/574/523 404/415/371 308/418/374 206/432/388 600/575/524
f 423/403/359 432/406/362 307/409/365 198/404/360
f 451/395/351 460/398/354 306/401/357 195/396/352
f 554/576/525 369/547/498 368/468/424 553/467/423
f 86/266/170 299/267/180 304/216/206 147/219/209
f 83/264/160 294/259/135 303/224/214 146/221/211
f 146/221/211 303/224/214 302/150/140 120/165/155
f 147/219/209 304/216/206 301/191/181 121/183/173
f 88/179/169 225/211/201 311/212/202 300/187/177
f 93/4/4 215/3/3 309/208/198 298/174/164
f 121/183/173 301/191/181 297/177/167 87/176/166
f 88/179/169 300/187/177 299/190/180 86/180/170
f 93/4/4 298/174/164 297/177/167 92/185/175
f 76/147/137 295/172/162 293/152/142 74/148/138
f 120/165/155 302/150/140 293/152/142 82/166/156
f 85/169/159 296/142/132 294/145/135 83/170/160
f 11/62/62 226/450/406 333/493/447 326/490/446
f 6/77/77 316/478/434 313/12/12 46/11/11
f 98/21/21 318/489/445 312/131/121 37/22/22
f 11/62/62 326/490/446 325/491/439 36/63/63
f 134/244/234 319/484/440 318/489/445 98/21/21
f 36/248/63 325/483/439 319/484/440 134/244/234
f 205/205/195 559/577/526 1/75/75
f 6/77/77 208/430/386 332/479/435 316/478/434
f 181/344/302 330/411/367 461/426/382 437/281/247
f 248/475/431 324/360/316 317/138/128 240/476/432
f 237/485/441 314/247/129 328/246/236 245/486/442
f 245/486/442 328/246/236 327/9/9 244/487/443
f 238/488/444 321/204/194 315/130/120
f 240/476/432 317/138/128 314/139/129 237/492/441
f 238/488/444 315/130/120 312/131/121 235/196/186
f 244/487/443 327/9/9 313/12/12 236/156/146
f 21/96/91 200/106/98 351/545/496 347/533/487
f 113/49/49 336/530/484 342/137/127 67/50/50
f 30/116/106 345/499/453 343/537/473 66/117/107
f 21/96/91 347/533/487 346/60/60 56/59/59
f 143/231/221 337/522/476 336/530/484 113/49/49
f 66/253/107 343/519/473 337/522/476 143/231/221
f 30/116/106 228/362/318 352/500/454 345/499/453
f 374/504/458 380/435/391 339/437/393 266/505/459
f 265/578/527 338/420/376 344/136/126 254/539/491
f 401/579/528 407/419/375 338/420/376 265/578/527
f 429/514/468 435/412/368 340/414/370 267/512/466
f 457/516/470 463/392/348 350/393/349 264/517/471
f 250/524/478 334/258/119 349/226/216 260/525/479
f 260/525/479 349/226/216 348/57/57 259/527/481
f 251/580/529 270/581/530 341/214/204 335/128/118
f 254/539/491 344/136/126 342/137/127 252/538/490
f 251/580/529 335/128/118 334/129/119 250/582/478
f 259/527/481 348/57/57 346/60/60 256/535/489
f 562/583/531 567/584/532 380/435/391 374/504/458
f 400/585/533 352/500/454 399/361/317
f 184/378/334 323/373/329 406/357/313 393/354/310
f 205/205/195 321/204/194 565/423/379
f 550/569/520 564/586/534 377/442/398 365/439/395
f 183/382/338 392/368/324 391/367/323 182/383/339
f 554/576/525 563/587/535 375/548/499 369/547/498
f 405/429/385 396/447/403 247/424/380
f 516/588/536 505/589/537 188/590/538 447/452/408
f 571/591/539 556/480/436 371/482/438
f 544/592/540 560/495/449 372/363/319 356/315/278
f 566/481/437 555/449/405 370/457/413 379/456/412
f 220/451/407 370/457/413 355/593/541 177/350/308
f 564/586/534 552/594/542 367/443/399 377/442/398
f 567/584/532 549/323/284 364/436/392 380/435/391
f 549/323/284 557/324/285 361/314/277 364/436/392
f 378/410/366 363/343/301 559/577/526 565/423/379
f 545/595/543 357/348/306 360/339/297 548/596/544
f 558/597/545 362/346/304 357/348/306 545/595/543
f 559/577/526 363/343/301 362/346/304 558/597/545
f 548/596/544 360/339/297 353/342/300 541/598/125
f 542/599/546 354/321/281 359/319/282 547/600/547
f 547/600/547 359/319/282 358/312/275 546/601/548
f 544/592/540 356/315/278 354/318/281 542/602/546
f 546/601/548 358/312/275 361/314/277 557/324/285
f 177/350/308 355/593/541 353/603/300 176/351/299
f 267/512/466 340/414/370 407/419/375 401/579/528
f 228/362/318 399/361/317 352/500/454
f 187/461/417 329/387/343 434/370/326 421/377/333
f 247/424/380 332/479/435 405/429/385
f 185/455/411 186/454/410 420/381/337 419/380/336
f 198/404/360 307/409/365 404/415/371 395/574/523
f 183/382/338 284/379/335 403/604/549 392/368/324
f 533/558/509 289/405/361 402/605/550 537/606/551
f 493/511/465 626/510/464 511/607/552
f 352/500/454 400/585/533 269/501/455
f 310/369/325 392/368/324 601/608/553 218/448/404
f 209/425/381 247/424/380 396/447/403
f 505/589/537 510/469/425 368/468/424 188/590/538
f 223/359/315 398/358/314 388/325/286 16/93/89
f 453/295/258 438/298/261 156/299/262 211/301/264
f 332/479/435 208/430/386 405/429/385
f 289/405/361 738/609/554 739/610/555 402/605/550
f 340/414/370 212/413/369 397/127/117 407/419/375
f 307/409/365 197/408/364 394/416/372 404/415/371
f 162/308/271 232/375/331 399/361/317 385/140/130
f 323/373/329 222/372/328 398/358/314 406/357/313
f 375/548/499 571/591/539 371/482/438
f 16/93/89 388/325/286 387/328/16 54/94/15
f 174/330/290 389/245/235 390/13/13 175/331/291
f 384/611/131 72/257/116 133/228/218 789/612/556
f 170/334/294 381/133/123 389/245/235 174/330/290
f 162/308/271 385/140/130 384/141/131 686/309/272
f 171/336/296 383/132/122 381/133/123 170/334/294
f 175/331/291 390/13/13 387/16/16 172/337/288
f 163/305/268 386/5/5 382/8/8 161/311/274
f 264/517/471 350/393/349 435/412/368 429/514/468
f 455/388/344 456/496/450 271/497/451 231/389/345
f 190/613/557 322/458/414 462/384/340 449/460/416
f 189/550/501 448/453/409 447/452/408 188/590/538
f 195/396/352 306/401/357 432/406/362 423/403/359
f 186/454/410 285/462/418 431/376/332 420/381/337
f 525/560/511 288/397/353 430/402/358 539/557/508
f 506/518/472 264/517/471 429/514/468 513/513/467
f 310/369/325 219/465/421 391/367/323
f 461/426/382 452/428/384 194/614/558 320/434/390
f 474/464/420 512/470/426 391/367/323
f 222/372/328 426/371/327 409/277/243 173/326/287
f 364/436/392 361/314/277 169/297/260 210/296/259
f 350/393/349 211/301/264 425/300/263 435/412/368
f 306/401/357 196/400/356 424/407/363 432/406/362
f 288/397/353 195/396/352 423/403/359 430/402/358
f 158/292/257 231/389/345 427/374/330 413/307/270
f 329/387/343 221/386/342 426/371/327 434/370/326
f 391/367/323 219/465/421 474/464/420
f 538/353/309 284/379/335 184/378/334
f 155/273/239 411/332/292 408/338/246 151/283/245
f 152/282/248 418/335/295 417/333/293 150/276/242
f 150/276/242 417/333/293 410/329/289 154/272/238
f 154/272/238 410/329/289 411/332/292 155/273/239
f 159/289/254 414/306/269 416/302/265 156/299/262
f 158/292/257 413/307/270 412/310/273 157/293/251
f 160/287/252 415/303/266 414/306/269 159/289/254
f 157/286/251 412/615/273 415/303/266 160/287/252
f 173/326/287 409/277/243 408/280/246 172/327/288
f 266/505/459 339/437/393 463/392/348 457/516/470
f 560/495/449 561/494/448 373/364/320 372/363/319
f 556/480/436 249/18/18 566/481/437
f 554/576/525 553/467/423 311/212/202
f 192/440/396 305/445/401 460/398/354 451/395/351
f 189/550/501 286/549/500 459/459/415 448/453/409
f 532/554/505 287/441/397 458/394/350 540/559/510
f 492/506/460 266/505/459 457/516/470 515/515/469
f 286/549/500 190/613/557 449/460/416 459/459/415
f 238/488/444 214/207/197 321/204/194
f 504/471/427 514/472/428 419/380/336 182/383/339
f 221/386/342 454/385/341 444/349/307 153/278/244
f 425/300/263 416/302/265 161/311/274 212/413/369
f 305/445/401 191/444/400 450/399/355 460/398/354
f 287/441/397 192/440/396 451/395/351 458/394/350
f 339/437/393 210/296/259 453/295/258 463/392/348
f 166/316/279 230/366/322 455/388/344 440/291/256
f 322/458/414 220/451/407 454/385/341 462/384/340
f 553/467/423 482/616/559 224/213/203
f 285/462/418 187/461/417 421/377/333 431/376/332
f 153/278/244 444/349/307 443/352/249 151/279/245
f 167/313/276 441/290/255 438/298/261 169/297/260
f 166/316/279 440/291/256 439/294/250 165/317/280
f 168/320/283 442/288/253 441/290/255 167/313/276
f 165/322/280 439/285/250 442/288/253 168/320/283
f 179/340/298 446/274/240 443/284/249 176/341/299
f 181/344/302 437/281/247 436/275/241 180/345/303
f 180/345/303 436/275/241 445/271/237 178/347/305
f 178/347/305 445/271/237 446/274/240 179/340/298
f 191/444/400 480/617/560 486/618/561 450/399/355
f 196/400/356 472/619/562 485/620/563 424/407/363
f 508/621/564 512/470/426 474/464/420
f 197/408/364 481/622/565 484/623/566 394/416/372
f 552/594/542 568/624/567 483/625/568 367/443/399
f 122/192/182 470/626/569 468/186/176 92/185/175
f 91/188/178 476/627/570 475/628/571 90/189/179
f 84/173/163 466/629/572 464/167/157 82/166/156
f 91/188/178 224/213/203 482/616/559 476/627/570
f 148/217/207 471/630/573 470/626/569 122/192/182
f 90/268/179 475/631/571 471/630/573 148/217/207
f 450/399/355 486/618/561 472/619/562 196/400/356
f 424/407/363 485/620/563 481/622/565 197/408/364
f 394/416/372 484/623/566 479/632/574 207/417/373
f 207/417/373 479/632/574 466/629/572 84/173/163
f 367/443/399 483/625/568 480/617/560 191/444/400
f 375/548/499 371/482/438 190/613/557 286/549/500
f 569/466/422 494/633/575 482/616/559
f 499/634/576 508/621/564 474/464/420 467/168/158
f 497/635/577 465/263/161 478/220/210 490/636/578
f 490/636/578 478/220/210 477/164/154 489/637/579
f 501/638/580 469/1/1 468/186/176 500/544/495
f 499/634/576 467/168/158 465/171/161 497/639/577
f 489/637/579 477/164/154 464/167/157 496/540/492
f 501/638/580 507/640/581 473/2/2 469/1/1
f 258/529/483 489/637/579 496/540/492 252/538/490
f 255/502/456 630/641/582 253/536/474
f 261/521/475 490/636/578 489/637/579 258/529/483
f 253/520/474 497/635/577 490/636/578 261/521/475
f 255/502/456 269/501/455 632/642/583 630/641/582
f 400/585/533 262/643/584 631/644/585
f 428/498/452 271/497/451 495/473/429 514/472/428
f 456/496/450 263/365/321 505/589/537 516/588/536
f 263/365/321 373/364/320 510/469/425 505/589/537
f 262/643/584 428/498/452 514/472/428 504/471/427
f 271/497/451 456/496/450 516/588/536 495/473/429
f 480/617/560 492/506/460 515/515/469 486/618/561
f 472/619/562 506/518/472 513/513/467 485/620/563
f 481/622/565 493/511/465 511/607/552 484/623/566
f 568/624/567 570/645/586 509/503/457 483/625/568
f 470/626/569 502/528/482 500/544/495 468/186/176
f 476/627/570 488/541/493 487/543/477 475/628/571
f 466/629/572 498/509/463 496/540/492 464/167/157
f 476/627/570 482/616/559 494/633/575 488/541/493
f 471/630/573 503/526/480 502/528/482 470/626/569
f 475/631/571 487/523/477 503/526/480 471/630/573
f 486/618/561 515/515/469 506/518/472 472/619/562
f 485/620/563 513/513/467 493/511/465 481/622/565
f 484/623/566 511/607/552 491/507/461 479/632/574
f 479/632/574 491/507/461 498/509/463 466/629/572
f 483/625/568 509/503/457 492/506/460 480/617/560
f 193/427/383 532/554/505 540/559/510 452/428/384
f 194/614/558 525/560/511 539/557/508 422/477/433
f 199/446/402 533/558/509 537/606/551 396/447/403
f 563/587/535 571/591/539 375/548/499
f 551/422/378 572/646/587 536/553/504 366/647/588
f 80/154/144 519/556/507 517/163/153 78/155/145
f 97/20/20 529/567/518 528/572/512 96/197/187
f 123/194/184 523/566/517 521/201/191 94/195/185
f 97/20/20 227/19/19 535/568/519 529/567/518
f 149/203/193 524/562/513 523/566/517 123/194/184
f 96/270/187 528/561/512 524/562/513 149/203/193
f 452/428/384 540/559/510 525/560/511 194/614/558
f 422/477/433 539/557/508 533/558/509 199/446/402
f 396/447/403 537/606/551 599/648/589 534/555/506 209/425/381
f 209/425/381 534/555/506 519/556/507 80/154/144
f 366/647/588 536/553/504 532/554/505 193/427/383
f 427/374/330 428/498/452 262/643/584 232/375/331
f 291/649/590 684/650/591 275/552/503
f 561/494/448 341/214/204 270/581/530
f 341/214/204 560/495/449 229/215/205
f 273/563/514 518/261/150 531/222/212 282/564/515
f 282/564/515 531/222/212 530/161/151 281/565/516
f 279/571/522 522/199/189 521/201/191 278/184/174
f 281/565/516 530/161/151 517/163/153 272/149/139
f 275/552/503 520/157/147 518/160/150 273/573/514
f 214/207/197 526/206/196 572/646/587 551/422/378
f 473/2/2 507/640/581 570/645/586 568/624/567
f 373/364/320 561/494/448 569/466/422 510/469/425
f 482/616/559 553/467/423 569/466/422
f 215/3/3 473/2/2 568/624/567 552/594/542
f 112/233/223 546/601/548 557/324/285 63/105/97
f 25/113/104 544/592/540 542/602/546 64/114/47
f 142/48/48 547/600/547 546/601/548 112/233/223
f 64/47/47 542/599/546 547/600/547 142/48/48
f 127/241/231 548/596/544 541/598/125 43/252/74
f 1/75/75 559/577/526 558/597/545 44/29/29
f 44/29/29 558/597/545 545/595/543 102/30/30
f 102/30/30 545/595/543 548/596/544 127/241/231
f 61/108/100 201/107/99 22/95/90 59/102/95
f 351/545/496 200/106/98 549/323/284 567/584/532
f 309/208/198 215/3/3 552/594/542 564/586/534
f 461/426/382 320/434/390 152/282/248 437/281/247
f 311/212/202 225/211/201 573/651/592 554/576/525
f 333/493/447 226/450/406 555/449/405 566/481/437
f 25/113/104 229/215/205 560/495/449 544/592/540
f 535/568/519 227/19/19 556/480/436 586/652/593
f 227/19/19 249/18/18 556/480/436
f 171/336/296 331/391/347 405/429/385 383/132/122
f 224/213/203 311/212/202 553/467/423
f 213/209/199 309/208/198 564/586/534 550/569/520
f 565/423/379 559/577/526 205/205/195
f 368/468/424 369/547/498 189/550/501 188/590/538
f 268/546/497 351/545/496 567/584/532 562/583/531
f 399/361/317 232/375/331 262/643/584 400/585/533
f 284/379/335 538/353/309 403/604/549
f 370/457/413 555/449/405 543/134/124 355/593/541
f 397/127/117 212/413/369 161/311/274 382/8/8
f 355/593/541 543/134/124 541/135/125 353/603/300
f 592/653/594 584/654/595 579/655/596 597/656/597
f 597/656/597 579/655/596 574/657/598 590/658/599
f 590/658/599 574/657/598 578/659/600 598/660/601
f 598/660/601 578/659/600 581/661/602 595/662/603
f 595/662/603 581/661/602 575/663/604 589/664/605
f 589/664/605 575/663/604 580/665/606 596/666/607
f 596/666/607 580/665/606 583/667/608 593/668/609
f 593/668/609 583/667/608 576/669/610 588/670/611
f 588/671/611 576/672/610 582/673/612 594/674/613
f 594/674/613 582/673/612 585/675/614 591/676/615
f 591/676/615 585/675/614 577/677/616 587/678/617
f 577/677/616 584/654/595 592/653/594 587/678/617
f 275/552/503 685/551/502 291/649/590
f 611/679/618 618/680/619 621/681/620 608/682/621
f 608/682/621 621/681/620 615/683/622 603/684/623
f 603/685/623 615/686/622 620/687/624 609/688/625
f 609/688/625 620/687/624 623/689/626 606/690/627
f 606/690/627 623/689/626 616/691/628 602/692/629
f 602/692/629 616/691/628 622/693/630 607/694/631
f 607/694/631 622/693/630 625/695/632 612/696/633
f 612/696/633 625/695/632 617/697/634 605/698/635
f 605/698/635 617/697/634 624/699/636 613/700/637
f 613/700/637 624/699/636 619/701/638 610/702/639
f 610/702/639 619/701/638 614/703/640 604/704/641
f 604/704/641 614/703/640 618/680/619 611/679/618
f 630/641/582 632/642/583 508/621/564 499/634/576
f 498/509/463 627/508/462 254/539/491
f 647/705/642 650/706/643 639/707/644 642/708/645
f 650/706/643 644/709/646 635/710/647 639/707/644
f 644/711/646 649/712/648 640/713/649 635/714/647
f 649/712/648 652/715/650 628/716/651 640/713/649
f 652/715/650 645/717/652 634/718/653 628/716/651
f 645/717/652 651/719/654 638/720/655 634/718/653
f 651/719/654 654/721/656 629/722/657 638/720/655
f 654/721/656 646/723/658 633/724/659 629/722/657
f 646/723/658 653/725/660 637/726/661 633/724/659
f 653/725/660 648/727/662 641/728/663 637/726/661
f 648/727/662 643/729/664 636/730/665 641/728/663
f 643/729/664 647/705/642 642/708/645 636/730/665
f 692/731/666 268/546/497 687/732/667
f 668/733/668 672/734/669 665/735/670 658/736/671
f 673/737/672 668/733/668 658/736/671 664/738/673
f 678/739/674 673/737/672 664/738/673 667/740/675
f 671/741/676 678/739/674 667/740/675 659/742/677
f 679/743/678 671/744/676 659/745/677 666/746/679
f 676/747/680 679/743/678 666/746/679 661/748/681
f 670/749/682 676/747/680 661/748/681 656/750/683
f 677/751/684 670/749/682 656/750/683 660/752/685
f 674/753/686 677/751/684 660/752/685 663/754/687
f 669/755/688 674/753/686 663/754/687 657/756/689
f 675/757/690 669/755/688 657/756/689 662/758/691
f 672/734/669 680/759/692 675/757/690 662/758/691 665/735/670
f 256/535/489 681/760/693 500/544/495
f 696/761/694 693/762/695 682/763/696 570/645/586
f 694/764/697 655/765/698 688/766/699
f 374/504/458 509/503/457 688/766/699
f 711/532/486 569/466/422 706/767/700
f 250/582/478 683/542/494 251/580/529
f 487/543/477 683/542/494 250/582/478
f 254/539/491 627/508/462 265/578/527
f 267/512/466 401/579/528 626/510/464
f 631/644/585 262/643/584 504/471/427
f 504/471/427 512/470/426 631/644/585
f 253/536/474 630/641/582 497/639/577
f 497/639/577 630/641/582 499/634/576
f 527/356/312 520/157/147 275/552/503 684/650/591
f 412/615/273 686/768/272 164/304/267 415/303/266
f 378/410/366 366/647/588 193/427/383 330/411/367
f 551/422/378 366/647/588 378/410/366 565/423/379
f 433/390/346 320/434/390 194/614/558 422/477/433
f 208/430/386 7/91/87 383/132/122
f 19/85/83 223/359/315 18/89/86
f 30/116/106 32/115/105 31/125/115
f 32/115/105 33/120/110 34/122/112 31/125/115
f 20/80/80 17/79/79 223/359/315
f 566/481/437 249/18/18 333/493/447
f 495/473/429 516/588/536 447/452/408 185/455/411
f 379/456/412 322/458/414 190/613/557 371/482/438
f 248/475/431 217/355/311 393/354/310
f 248/475/431 406/357/313 324/360/316
f 507/640/581 695/769/701 689/770/702
f 665/771/670 662/772/691 693/762/695 696/761/694
f 663/773/687 660/774/685 691/775/703 694/764/697
f 659/776/677 667/777/675 698/778/704 690/779/705
f 658/780/671 665/771/670 696/761/694 689/770/702
f 657/781/689 663/773/687 694/764/697 688/766/699
f 666/782/679 659/776/677 690/779/705 697/783/706
f 656/784/683 661/785/681 692/731/666 687/732/667
f 664/786/673 658/780/671 689/770/702 695/769/701
f 662/772/691 657/781/689 688/766/699 693/762/695
f 661/785/681 666/782/679 697/783/706 692/731/666
f 660/774/685 656/784/683 687/732/667 691/775/703
f 667/777/675 664/786/673 695/769/701 698/778/704
f 688/766/699 509/503/457 682/763/696
f 681/760/693 256/535/489 257/534/488
f 687/732/667 268/546/497 562/583/531 691/775/703
f 682/763/696 509/503/457 570/645/586
f 500/544/495 681/760/693 501/638/580
f 690/779/705 681/760/693 257/534/488 697/783/706
f 698/778/704 501/638/580 681/760/693 690/779/705
f 501/638/580 698/778/704 695/769/701 507/640/581
f 688/766/699 655/765/698 374/504/458
f 374/504/458 655/765/698 562/583/531
f 691/775/703 562/583/531 655/765/698 694/764/697
f 675/787/690 680/788/692 711/532/486 706/767/700
f 671/789/676 679/790/678 710/791/707 702/792/708
f 678/793/674 671/789/676 702/792/708 709/794/709
f 670/795/682 677/796/684 708/797/710 701/798/711
f 680/788/692 672/799/669 703/531/485 711/532/486
f 676/800/680 670/795/682 701/798/711 707/801/712
f 669/802/688 675/787/690 706/767/700 700/803/713
f 673/804/672 678/793/674 709/794/709 704/805/714
f 668/806/668 673/804/672 704/805/714 699/807/715
f 674/808/686 669/802/688 700/803/713 705/809/716
f 672/799/669 668/806/668 699/807/715 703/531/485
f 679/790/678 676/800/680 707/801/712 710/791/707
f 677/796/684 674/808/686 705/809/716 708/797/710
f 270/581/530 251/580/529 683/542/494 488/541/493 494/633/575
f 706/767/700 569/466/422 561/494/448 700/803/713
f 700/803/713 561/494/448 705/809/716
f 705/809/716 561/494/448 708/797/710
f 708/797/710 561/494/448 701/798/711
f 701/798/711 561/494/448 270/581/530 707/801/712
f 707/801/712 270/581/530 710/791/707
f 710/791/707 270/581/530 702/792/708
f 702/792/708 270/581/530 494/633/575 709/794/709
f 709/794/709 494/633/575 704/805/714
f 704/805/714 494/633/575 569/466/422 699/807/715
f 699/807/715 569/466/422 703/531/485
f 576/810/610 583/811/608 721/812/717 714/813/718
f 575/814/604 581/815/602 719/816/719 713/817/720
f 584/818/595 577/819/616 715/820/721 722/821/722
f 574/822/598 579/823/596 717/824/723 712/825/724
f 582/826/612 576/810/610 714/813/718 720/827/725
f 580/828/606 575/814/604 713/817/720 718/829/726
f 579/823/596 584/818/595 722/821/722 717/824/723
f 578/830/600 574/822/598 712/825/724 716/831/727
f 585/832/614 582/826/612 720/827/725 723/833/728
f 583/811/608 580/828/606 718/829/726 721/812/717
f 581/815/602 578/830/600 716/831/727 719/816/719
f 577/819/616 585/832/614 723/833/728 715/820/721
f 213/209/199 724/834/729 279/571/522 89/175/165
f 279/571/522 724/834/729 526/206/196 522/199/189
f 725/570/521 376/438/394 536/553/504 572/646/587
f 724/834/729 714/813/718 721/812/717 526/206/196
f 526/206/196 721/812/717 718/829/726 572/646/587
f 713/817/720 719/816/719 572/646/587 718/829/726
f 714/813/718 724/834/729 213/209/199 720/827/725
f 213/209/199 715/820/721 723/833/728 720/827/725
f 712/825/724 717/824/723 725/570/521
f 572/646/587 719/816/719 716/831/727 725/570/521
f 725/570/521 717/824/723 722/821/722 550/569/520
f 725/570/521 716/831/727 712/825/724
f 550/569/520 722/821/722 715/820/721 213/209/199
f 604/835/641 611/836/618 735/837/730 728/838/731
f 603/839/623 609/840/625 733/841/732 727/842/733
f 612/843/633 605/844/635 729/845/734 736/846/735
f 602/847/629 607/848/631 731/849/736 726/850/737
f 610/851/639 604/835/641 728/838/731 734/852/738
f 608/853/621 603/839/623 727/842/733 732/854/739
f 607/848/631 612/843/633 736/846/735 731/849/736
f 606/855/627 602/847/629 726/850/737 730/856/740
f 613/857/637 610/851/639 734/852/738 737/858/741
f 611/836/618 608/853/621 732/854/739 735/837/730
f 609/840/625 606/855/627 730/856/740 733/841/732
f 605/844/635 613/857/637 737/858/741 729/845/734
f 730/856/740 537/606/551 402/605/550 733/841/732
f 733/841/732 402/605/550 727/842/733
f 727/842/733 402/605/550 732/854/739
f 728/838/731 739/610/555 395/574/523 734/852/738
f 734/852/738 395/574/523 600/575/524 737/858/741
f 737/858/741 600/575/524 206/432/388 729/845/734
f 729/845/734 206/432/388 290/431/387 736/846/735
f 736/846/735 290/431/387 534/555/506 731/849/736
f 731/849/736 534/555/506 599/648/589 726/850/737
f 726/850/737 599/648/589 537/606/551 730/856/740
f 198/404/360 738/609/554 289/405/361
f 739/610/555 738/609/554 198/404/360 395/574/523
f 739/610/555 735/837/730 732/854/739 402/605/550
f 739/610/555 728/838/731 735/837/730
f 640/859/649 628/860/651 740/861/742 749/862/743
f 628/860/651 634/863/653 743/864/744 740/861/742
f 633/865/659 637/866/661 746/867/745 742/868/746
f 636/869/665 642/870/645 751/871/747 745/872/748
f 635/873/647 640/859/649 749/862/743 744/874/749
f 629/875/657 633/865/659 742/868/746 741/876/750
f 638/877/655 629/875/657 741/876/750 747/878/751
f 641/879/663 636/869/665 745/872/748 750/880/752
f 639/881/644 635/873/647 744/874/749 748/882/753
f 634/863/653 638/877/655 747/878/751 743/864/744
f 637/866/661 641/879/663 750/880/752 746/867/745
f 642/870/645 639/881/644 748/882/753 751/871/747
f 627/508/462 742/868/746 746/867/745
f 747/878/751 491/507/461 740/861/742 743/864/744
f 265/578/527 750/880/752 745/872/748 751/871/747
f 742/868/746 627/508/462 741/876/750
f 746/867/745 750/880/752 265/578/527 627/508/462
f 491/507/461 511/607/552 749/862/743 740/861/742
f 511/607/552 626/510/464 744/874/749 749/862/743
f 626/510/464 401/579/528 748/882/753 744/874/749
f 401/579/528 265/578/527 751/871/747 748/882/753
f 741/876/750 627/508/462 491/507/461 747/878/751
f 644/883/646 650/884/643 759/885/754 753/886/755
f 653/887/660 646/888/658 755/889/756 762/890/757
f 643/891/664 648/892/662 757/893/758 752/894/759
f 651/895/654 645/896/652 754/897/760 760/898/761
f 649/899/648 644/883/646 753/886/755 758/900/762
f 648/892/662 653/887/660 762/890/757 757/893/758
f 647/901/642 643/891/664 752/894/759 756/902/763
f 654/903/656 651/895/654 760/898/761 763/904/764
f 652/905/650 649/899/648 758/900/762 761/906/765
f 650/884/643 647/901/642 756/902/763 759/885/754
f 646/888/658 654/903/656 763/904/764 755/889/756
f 645/896/652 652/905/650 761/906/765 754/897/760
f 508/621/564 754/897/760 761/906/765 512/470/426
f 400/585/533 756/902/763 752/894/759 269/501/455
f 753/886/755 759/885/754 631/644/585
f 758/900/762 753/886/755 631/644/585
f 269/501/455 752/894/759 757/893/758 762/890/757
f 759/885/754 756/902/763 400/585/533 631/644/585
f 508/621/564 632/642/583 755/889/756 763/904/764
f 632/642/583 269/501/455 762/890/757 755/889/756
f 754/897/760 508/621/564 763/904/764 760/898/761
f 512/470/426 761/906/765 758/900/762 631/644/585
f 615/907/622 621/908/620 771/909/766 765/910/767
f 624/911/636 617/912/634 767/913/768 774/914/769
f 614/915/640 619/916/638 769/917/770 764/918/771
f 622/919/630 616/920/628 766/921/772 772/922/773
f 620/923/624 615/907/622 765/910/767 770/924/774
f 619/916/638 624/911/636 774/914/769 769/917/770
f 618/925/619 614/915/640 764/918/771 768/926/775
f 625/927/632 622/919/630 772/922/773 775/928/776
f 623/929/626 620/923/624 770/924/774 773/930/777
f 621/908/620 618/925/619 768/926/775 771/909/766
f 617/912/634 625/927/632 775/928/776 767/913/768
f 616/920/628 623/929/626 773/930/777 766/921/772
f 768/926/775 392/368/324 765/910/767 771/909/766
f 601/608/553 392/368/324 768/926/775 764/918/771
f 764/918/771 769/917/770 601/608/553
f 392/368/324 403/604/549 770/924/774 765/910/767
f 403/604/549 538/353/309 773/930/777 770/924/774
f 538/353/309 527/356/312 766/921/772 773/930/777
f 527/356/312 684/650/591 772/922/773 766/921/772
f 291/649/590 767/913/768 775/928/776 772/922/773 684/650/591
f 769/917/770 218/448/404 601/608/553
f 767/913/768 291/649/590 685/551/502 774/914/769
f 218/448/404 769/917/770 774/914/769 685/551/502
f 597/931/597 590/932/599 779/933/778 786/934/779
f 587/935/617 592/936/594 781/937/780 776/938/781
f 595/939/603 589/940/605 778/941/782 784/942/783
f 593/943/609 588/944/611 777/945/784 782/946/785
f 592/936/594 597/931/597 786/934/779 781/937/780
f 591/947/615 587/935/617 776/938/781 780/948/786
f 598/949/601 595/939/603 784/942/783 787/950/787
f 596/951/607 593/943/609 782/946/785 785/952/788
f 594/953/613 591/947/615 780/948/786 783/954/789
f 590/932/599 598/949/601 787/950/787 779/933/778
f 589/940/605 596/951/607 785/952/788 778/941/782
f 588/944/611 594/953/613 783/954/789 777/945/784
f 776/938/781 781/937/780 573/651/592
f 780/948/786 776/938/781 573/651/592
f 573/651/592 225/211/201 783/954/789 780/948/786
f 225/211/201 292/210/200 783/954/789
f 292/210/200 535/568/519 782/946/785
f 782/946/785 535/568/519 785/952/788
f 535/568/519 586/652/593 784/942/783 778/941/782
f 586/652/593 571/591/539 787/950/787 784/942/783
f 571/591/539 563/587/535 779/933/778 787/950/787
f 563/587/535 554/576/525 786/934/779 779/933/778
f 554/576/525 573/651/592 781/937/780 786/934/779
f 783/954/789 292/210/200 777/945/784
f 785/952/788 535/568/519 778/941/782
f 782/946/785 777/945/784 292/210/200
f 570/645/586 507/640/581 689/770/702 696/761/694
f 682/763/696 693/762/695 688/766/699
f 697/783/706 257/534/488 268/546/497 692/731/666
f 586/652/593 556/480/436 571/591/539
f 788/230/220 131/255/111 65/254/108 130/229/219
f 132/227/217 788/230/220 115/54/54 116/56/56
f 686/768/272 384/611/131 789/612/556 164/304/267
f 789/612/556 133/228/218 117/6/6 386/5/5
f 164/304/267 789/612/556 386/5/5 163/305/268
